3DMotive,VideoTutorials/3DMotive
3DMotiveCH,VideoTutorials/3DMotive
3DMotiveJP,VideoTutorials/3DMotive
3DMotiveKR,VideoTutorials/3DMotive
ActorComponents,Gameplay/ActorComponents
ActorComponentsCH,Gameplay/ActorComponents
ActorComponentsJP,Gameplay/ActorComponents
ActorComponentsKR,Gameplay/ActorComponents
ActorGrouping,Editor/LevelEditing/Grouping
ActorGroupingCH,Editor/LevelEditing/Grouping
ActorGroupingJP,Editor/LevelEditing/Grouping
ActorGroupingKR,Editor/LevelEditing/Grouping
ActorsBrowserReference,Editor/Browsers/Actors
ActorsBrowserReferenceCH,Editor/Browsers/Actors
ActorsBrowserReferenceJP,Editor/Browsers/Actors
ActorsBrowserReferenceKR,Editor/Browsers/Actors
ActorTicking,Gameplay/ActorTicking
ActorTickingCH,Gameplay/ActorTicking
ActorTickingJP,Gameplay/ActorTicking
ActorTickingKR,Gameplay/ActorTicking
AddingABrowserWindow,Editor/Programming/Browsers
AddingABrowserWindowCH,Editor/Programming/Browsers
AddingABrowserWindowJP,Editor/Programming/Browsers
AddingABrowserWindowKR,Editor/Programming/Browsers
AdditiveAnimations,Animation/AdditiveAnimations
AdditiveAnimationsCH,Animation/AdditiveAnimations
AdditiveAnimationsJP,Animation/AdditiveAnimations
AdditiveAnimationsKR,Animation/AdditiveAnimations
AIAndNavigationHome,AIAndNavigation
AIAndNavigationHomeCH,AIAndNavigation
AIAndNavigationHomeJP,AIAndNavigation
AIAndNavigationHomeKR,AIAndNavigation
AIOverview,AIAndNavigation/Overview
AIOverviewCH,AIAndNavigation/Overview
AIOverviewJP,AIAndNavigation/Overview
AIOverviewKR,AIAndNavigation/Overview
AnimationCompressionAlgorithms,Animation/Compression/Algorithms
AnimationCompressionAlgorithmsCH,Animation/Compression/Algorithms
AnimationCompressionAlgorithmsJP,Animation/Compression/Algorithms
AnimationCompressionAlgorithmsKR,Animation/Compression/Algorithms
AnimationCompressionDialog,Animation/Compression/Dialog
AnimationCompressionDialogCH,Animation/Compression/Dialog
AnimationCompressionDialogJP,Animation/Compression/Dialog
AnimationCompressionDialogKR,Animation/Compression/Dialog
AnimationCompressionTechnicalGuide,Animation/Compression/TechnicalGuide
AnimationCompressionTechnicalGuideCH,Animation/Compression/TechnicalGuide
AnimationCompressionTechnicalGuideJP,Animation/Compression/TechnicalGuide
AnimationCompressionTechnicalGuideKR,Animation/Compression/TechnicalGuide
AnimationHome,Animation
AnimationHomeCH,Animation
AnimationHomeJP,Animation
AnimationHomeKR,Animation
AnimationMirroring,Animation/Mirroring
AnimationMirroringCH,Animation/Mirroring
AnimationMirroringJP,Animation/Mirroring
AnimationMirroringKR,Animation/Mirroring
AnimationNodes,Animation/AnimNodes
AnimationNodesCH,Animation/AnimNodes
AnimationNodesJP,Animation/AnimNodes
AnimationNodesKR,Animation/AnimNodes
AnimationOverview,Animation/Overview
AnimationOverviewCH,Animation/Overview
AnimationOverviewJP,Animation/Overview
AnimationOverviewKR,Animation/Overview
AnimatorHome,Roles/Animator
AnimatorHomeCH,Roles/Animator
AnimatorHomeJP,Roles/Animator
AnimatorHomeKR,Roles/Animator
AnimSetEditorUserGuide,Animation/AnimSetEditor
AnimSetEditorUserGuideCH,Animation/AnimSetEditor
AnimSetEditorUserGuideJP,Animation/AnimSetEditor
AnimSetEditorUserGuideKR,Animation/AnimSetEditor
AnimTrails,ParticlesAndEffects/ParticleSystems/AnimTrails
AnimTrailsCH,ParticlesAndEffects/ParticleSystems/AnimTrails
AnimTrailsJP,ParticlesAndEffects/ParticleSystems/AnimTrails
AnimTrailsKR,ParticlesAndEffects/ParticleSystems/AnimTrails
AnimTreeEditorUserGuide,Animation/AnimTreeEditor
AnimTreeEditorUserGuideCH,Animation/AnimTreeEditor
AnimTreeEditorUserGuideJP,Animation/AnimTreeEditor
AnimTreeEditorUserGuideKR,Animation/AnimTreeEditor
APEXClothing,APEX/Clothing
APEXClothingCH,APEX/Clothing
APEXClothingJP,APEX/Clothing
APEXClothingKR,APEX/Clothing
APEXDestruction,APEX/Destruction
APEXDestructionCH,APEX/Destruction,ContentCooking,GettingStarted/Basics/ContentCooking
APEXDestructionJP,APEX/Destruction
APEXDestructionKR,APEX/Destruction
APEXOverview,APEX
APEXOverviewCH,APEX
APEXOverviewJP,APEX
APEXOverviewKR,APEX
ArchetypesTechnicalGuide,Gameplay/Archetypes/TechnicalGuide
ArchetypesTechnicalGuideCH,Gameplay/Archetypes/TechnicalGuide
ArchetypesTechnicalGuideJP,Gameplay/Archetypes/TechnicalGuide
ArchetypesTechnicalGuideKR,Gameplay/Archetypes/TechnicalGuide
ArchitectureOverview,Engine/Programming/Architecture
ArchitectureOverviewCH,Engine/Programming/Architecture
ArchitectureOverviewJP,Engine/Programming/Architecture
ArchitectureOverviewKR,Engine/Programming/Architecture
AssetConsolidationTool,Editor/Tools/AssetConsolitdationTool
AssetConsolidationToolCH,Editor/Tools/AssetConsolitdationTool
AssetConsolidationToolJP,Editor/Tools/AssetConsolitdationTool
AssetConsolidationToolKR,Editor/Tools/AssetConsolitdationTool
AttachingActors,Editor/LevelEditing/Attachments
AttachingActorsCH,Editor/LevelEditing/Attachments
AttachingActorsJP,Editor/LevelEditing/Attachments
AttachingActorsKR,Editor/LevelEditing/Attachments
AttachmentsBrowserReference,Editor/Browsers/Attachment
AttachmentsBrowserReferenceCH,Editor/Browsers/Attachment
AttachmentsBrowserReferenceJP,Editor/Browsers/Attachment
AttachmentsBrowserReferenceKR,Editor/Browsers/Attachment
AudioHome,Audio
AudioHomeCH,Audio
AudioHomeJP,Audio
AudioHomeKR,Audio
AudioSystem,Audio/Overview
AudioSystemCH,Audio/Overview
AudioSystemJP,Audio/Overview
AudioSystemKR,Audio/Overview
AutomatedMapBuild,Editor/LevelEditing/AutomatedMapBuild
AutomatedMapBuildCH,Editor/LevelEditing/AutomatedMapBuild
AutomatedMapBuildJP,Editor/LevelEditing/AutomatedMapBuild
AutomatedMapBuildKR,Editor/LevelEditing/AutomatedMapBuild
BasicGameQuickStart,Gameplay/QuickStart
BasicGameQuickStartCH,Gameplay/QuickStart
BasicGameQuickStartJP,Gameplay/QuickStart
BasicGameQuickStartKR,Gameplay/QuickStart
BatchExportCommandlet,Commandlets/BatchExport
BatchExportCommandletCH,Commandlets/BatchExport
BatchExportCommandletJP,Commandlets/BatchExport
BatchExportCommandletKR,Commandlets/BatchExport
BinaryNamingConvention,BuildingAndReleases/BinaryNamingConvention
BinaryNamingConventionCH,BuildingAndReleases/BinaryNamingConvention
BinaryNamingConventionJP,BuildingAndReleases/BinaryNamingConvention
BinaryNamingConventionKR,BuildingAndReleases/BinaryNamingConvention
BuildAndReleaseHome,BuildingAndReleases
BuildAndReleaseHomeCH,BuildingAndReleases
BuildAndReleaseHomeJP,BuildingAndReleases
BuildAndReleaseHomeKR,BuildingAndReleases
BuilderScript,BuildingAndReleases/BuilderScript
BuilderScriptCH,BuildingAndReleases/BuilderScript
BuilderScriptJP,BuildingAndReleases/BuilderScript
BuilderScriptKR,BuildingAndReleases/BuilderScript
BuilderSQLTables,BuildingAndReleases/BuilderSQLTables
BuilderSQLTablesCH,BuildingAndReleases/BuilderSQLTables
BuilderSQLTablesJP,BuildingAndReleases/BuilderSQLTables
BuilderSQLTablesKR,BuildingAndReleases/BuilderSQLTables
BuildingUnrealEngine3,BuildingAndReleases/BuildingUnrealEngine
BuildingUnrealEngine3CH,BuildingAndReleases/BuildingUnrealEngine
BuildingUnrealEngine3JP,BuildingAndReleases/BuildingUnrealEngine
BuildingUnrealEngine3KR,BuildingAndReleases/BuildingUnrealEngine
BulkImport,Editor/Tools/BulkImport
BulkImportCH,Editor/Tools/BulkImport
BulkImportJP,Editor/Tools/BulkImport
BulkImportKR,Editor/Tools/BulkImport
BusinessAndLegalHome,BusinessAndLegal
BusinessAndLegalHomeCH,BusinessAndLegal
BusinessAndLegalHomeJP,BusinessAndLegal
BusinessAndLegalHomeKR,BusinessAndLegal
CameraTechnicalGuide,Gameplay/Cameras
CameraTechnicalGuideCH,Gameplay/Cameras
CameraTechnicalGuideJP,Gameplay/Cameras
CameraTechnicalGuideKR,Gameplay/Cameras
CanvasTechnicalGuide,UIAndHUD/CanvasTecnicalGuide
CanvasTechnicalGuideCH,UIAndHUD/CanvasTecnicalGuide
CanvasTechnicalGuideJP,UIAndHUD/CanvasTecnicalGuide
CanvasTechnicalGuideKR,UIAndHUD/CanvasTecnicalGuide
CapturingCinematicsAndGameplay,MatineeAndCinematics/CapturingCinematicsAndGameplay
CapturingCinematicsAndGameplayCH,MatineeAndCinematics/CapturingCinematicsAndGameplay
CapturingCinematicsAndGameplayJP,MatineeAndCinematics/CapturingCinematicsAndGameplay
CapturingCinematicsAndGameplayKR,MatineeAndCinematics/CapturingCinematicsAndGameplay
CascadeUserGuide,ParticlesAndEffects/ParticleSystems/CascadeEditor
CascadeUserGuideCH,ParticlesAndEffects/ParticleSystems/CascadeEditor
CascadeUserGuideJP,ParticlesAndEffects/ParticleSystems/CascadeEditor
CascadeUserGuideKR,ParticlesAndEffects/ParticleSystems/CascadeEditor
ChangingUnits,Engine/Programming/Units
ChangingUnitsCH,Engine/Programming/Units
ChangingUnitsJP,Engine/Programming/Units
ChangingUnitsKR,Engine/Programming/Units
CharacterArtistHome,Roles/CharacterArtist
CharacterArtistHomeCH,Roles/CharacterArtist
CharacterArtistHomeJP,Roles/CharacterArtist
CharacterArtistHomeKR,Roles/CharacterArtist
CharacterEncoding,Engine/Programming/CharacterEncoding
CharacterEncodingCH,Engine/Programming/CharacterEncoding
CharacterEncodingJP,Engine/Programming/CharacterEncoding
CharacterEncodingKR,Engine/Programming/CharacterEncoding
CharactersTechnicalGuide,Gameplay/Players
CharactersTechnicalGuideCH,Gameplay/Players
CharactersTechnicalGuideJP,Gameplay/Players
CharactersTechnicalGuideKR,Gameplay/Players
CinematicArtistHome,Roles/CinematicArtist
CinematicArtistHomeCH,Roles/CinematicArtist
CinematicArtistHomeJP,Roles/CinematicArtist
CinematicArtistHomeKR,Roles/CinematicArtist
ClipPad,Editor/ClipPad
ClipPadCH,Editor/ClipPad
ClipPadJP,Editor/ClipPad
ClipPadKR,Editor/ClipPad
CodeOrientation,Engine/Programming/CodeOrientation
CodeOrientationCH,Engine/Programming/CodeOrientation
CodeOrientationJP,Engine/Programming/CodeOrientation
CodeOrientationKR,Engine/Programming/CodeOrientation
CodingStandard,Engine/Programming/CodingStandards
CodingStandardCH,Engine/Programming/CodingStandards
CodingStandardJP,Engine/Programming/CodingStandards
CodingStandardKR,Engine/Programming/CodingStandards
CollisionReference,Physics/Collision/Reference
CollisionReferenceCH,Physics/Collision/Reference
CollisionReferenceJP,Physics/Collision/Reference
CollisionReferenceKR,Physics/Collision/Reference
CollisionTechnicalGuide,Physics/Collision/TechnicalGuide
CollisionTechnicalGuideCH,Physics/Collision/TechnicalGuide
CollisionTechnicalGuideJP,Physics/Collision/TechnicalGuide
CollisionTechnicalGuideKR,Physics/Collision/TechnicalGuide
ColorPicker,Editor/ColorPicker
ColorPickerCH,Editor/ColorPicker
ColorPickerJP,Editor/ColorPicker
ColorPickerKR,Editor/ColorPicker
CommandletHome,Commandlets
CommandletHomeCH,Commandlets
CommandletHomeJP,Commandlets
CommandletHomeKR,Commandlets
CommandletList,Commandlets/CommandletList
CommandletListCH,Commandlets/CommandletList
CommandletListJP,Commandlets/CommandletList
CommandletListKR,Commandlets/CommandletList
CommandLineArguments,GettingStarted/Basics/CommandLineArguments
CommandLineArgumentsCH,GettingStarted/Basics/CommandLineArguments
CommandLineArgumentsJP,GettingStarted/Basics/CommandLineArguments
CommandLineArgumentsKR,GettingStarted/Basics/CommandLineArguments
CommonMergeProblems,QA/Builds/CommonMergeProblems
CommonMergeProblemsCH,QA/Builds/CommonMergeProblems
CommonMergeProblemsJP,QA/Builds/CommonMergeProblems
CommonMergeProblemsKR,QA/Builds/CommonMergeProblems
CommonTechProblems,QA/Builds/CommonTechProblems
CommonTechProblemsCH,QA/Builds/CommonTechProblems
CommonTechProblemsJP,QA/Builds/CommonTechProblems
CommonTechProblemsKR,QA/Builds/CommonTechProblems
CompileTimes,BuildingAndReleases/CompileTimes
CompileTimesCH,BuildingAndReleases/CompileTimes
CompileTimesJP,BuildingAndReleases/CompileTimes
CompileTimesKR,BuildingAndReleases/CompileTimes
CompressAnimationCommandlet,Commandlets/CompressAnimation
CompressAnimationCommandletCH,Commandlets/CompressAnimation
CompressAnimationCommandletJP,Commandlets/CompressAnimation
CompressAnimationCommandletKR,Commandlets/CompressAnimation
ConentComparisonCommandlet,Commandlets/ContentComparison
ConentComparisonCommandletCH,Commandlets/ContentComparison
ConentComparisonCommandletJP,Commandlets/ContentComparison
ConentComparisonCommandletKR,Commandlets/ContentComparison
ConfigSaveGameSystem,InputAndOutput/ConfigSaveGameSystem
ConfigSaveGameSystemCH,InputAndOutput/ConfigSaveGameSystem
ConfigSaveGameSystemJP,InputAndOutput/ConfigSaveGameSystem
ConfigSaveGameSystemKR,InputAndOutput/ConfigSaveGameSystem
ConfigurationFiles,GettingStarted/Basics/ConfigurationFiles
ConfigurationFilesCH,GettingStarted/Basics/ConfigurationFiles
ConfigurationFilesJP,GettingStarted/Basics/ConfigurationFiles
ConfigurationFilesKR,GettingStarted/Basics/ConfigurationFiles
ConsoleCommands,GettingStarted/Basics/ConsoleCommands
ConsoleCommandsCH,GettingStarted/Basics/ConsoleCommands
ConsoleCommandsJP,GettingStarted/Basics/ConsoleCommands
ConsoleCommandsKR,GettingStarted/Basics/ConsoleCommands
ConsoleManager,Engine/Programming/ConsoleManager
ConsoleManagerCH,Engine/Programming/ConsoleManager
ConsoleManagerJP,Engine/Programming/ConsoleManager
ConsoleManagerKR,Engine/Programming/ConsoleManager
ContentAuditCommandlet,Commandlets/ContentAudit
ContentAuditCommandletCH,Commandlets/ContentAudit
ContentAuditCommandletJP,Commandlets/ContentAudit
ContentAuditCommandletKR,Commandlets/ContentAudit
ContentBrowserDatabase,Editor/ContentBrowser/Database
ContentBrowserDatabaseCH,Editor/ContentBrowser/Database
ContentBrowserDatabaseJP,Editor/ContentBrowser/Database
ContentBrowserDatabaseKR,Editor/ContentBrowser/Database
ContentBrowserReference,Editor/ContentBrowser/UserGuide
ContentBrowserReferenceCH,Editor/ContentBrowser/UserGuide
ContentBrowserReferenceJP,Editor/ContentBrowser/UserGuide
ContentBrowserReferenceKR,Editor/ContentBrowser/UserGuide
ContentCooking,GettingStarted/Basics/ContentCooking
ContentCookingCH,GettingStarted/Basics/ContentCooking
ContentCookingJP,GettingStarted/Basics/ContentCooking
ContentCookingKR,GettingStarted/Basics/ContentCooking
ContentHome,Discplines/ContentCreation
ContentHomeCH,Discplines/ContentCreation
ContentHomeJP,Discplines/ContentCreation
ContentHomeKR,Discplines/ContentCreation
ContentProfilingHome,ProfilingAndOptimization/Content
ContentProfilingHomeCH,ProfilingAndOptimization/Content
ContentProfilingHomeJP,ProfilingAndOptimization/Content
ContentProfilingHomeKR,ProfilingAndOptimization/Content
ContentShrinkage,Memory/ContentShrinkage
ContentShrinkageCH,Memory/ContentShrinkage
ContentShrinkageJP,Memory/ContentShrinkage
ContentShrinkageKR,Memory/ContentShrinkage
ContentStreaming,Gameplay/ContentStreaming
ContentStreamingCH,Gameplay/ContentStreaming
ContentStreamingJP,Gameplay/ContentStreaming
ContentStreamingKR,Gameplay/ContentStreaming
ContinuousIntegration,BuildingAndReleases/ContinuousIntegration
ContinuousIntegrationCH,BuildingAndReleases/ContinuousIntegration
ContinuousIntegrationJP,BuildingAndReleases/ContinuousIntegration
ContinuousIntegrationKR,BuildingAndReleases/ContinuousIntegration
CookerSync,BuildingAndReleases/CookerSync
CookerSyncCH,BuildingAndReleases/CookerSync
CookerSyncJP,BuildingAndReleases/CookerSync
CookerSyncKR,BuildingAndReleases/CookerSync
CoverAndNavMesh,AIAndNavigation/NavMesh/Cover
CoverAndNavMeshCH,AIAndNavigation/NavMesh/Cover
CoverAndNavMeshJP,AIAndNavigation/NavMesh/Cover
CoverAndNavMeshKR,AIAndNavigation/NavMesh/Cover
CreatingANewMap,Editor/MapCreation
CreatingANewMapCH,Editor/MapCreation
CreatingANewMapJP,Editor/MapCreation
CreatingANewMapKR,Editor/MapCreation
CreatingANewTool,Editor/Programming/Tools
CreatingANewToolCH,Editor/Programming/Tools
CreatingANewToolJP,Editor/Programming/Tools
CreatingANewToolKR,Editor/Programming/Tools
CreatingAnimations,Animation/CreationGuide
CreatingAnimationsCH,Animation/CreationGuide
CreatingAnimationsJP,Animation/CreationGuide
CreatingAnimationsKR,Animation/CreationGuide
CreatingCinematics,MatineeAndCinematics/CreatingCinematics
CreatingCinematicsCH,MatineeAndCinematics/CreatingCinematics
CreatingCinematicsJP,MatineeAndCinematics/CreatingCinematics
CreatingCinematicsKR,MatineeAndCinematics/CreatingCinematics
CreatingCustomParticleModulesAndEmitters,Editor/Programming/ParticleModules
CreatingCustomParticleModulesAndEmittersCH,Editor/Programming/ParticleModules
CreatingCustomParticleModulesAndEmittersJP,Editor/Programming/ParticleModules
CreatingCustomParticleModulesAndEmittersKR,Editor/Programming/ParticleModules
CreatingHairUsingAlpha,MaterialsAndTextures/Materials/CreatingHairUsingAlpha
CreatingHairUsingAlphaCH,MaterialsAndTextures/Materials/CreatingHairUsingAlpha
CreatingHairUsingAlphaJP,MaterialsAndTextures/Materials/CreatingHairUsingAlpha
CreatingHairUsingAlphaKR,MaterialsAndTextures/Materials/CreatingHairUsingAlpha
CreatingLevels,Editor/LevelEditing/CreatingLevels
CreatingLevelsCH,Editor/LevelEditing/CreatingLevels
CreatingLevelsJP,Editor/LevelEditing/CreatingLevels
CreatingLevelsKR,Editor/LevelEditing/CreatingLevels
CreatingMaterialExpressions,MaterialsAndTextures/Materials/CreatingMaterialExpressions
CreatingMaterialExpressionsCH,MaterialsAndTextures/Materials/CreatingMaterialExpressions
CreatingMaterialExpressionsJP,MaterialsAndTextures/Materials/CreatingMaterialExpressions
CreatingMaterialExpressionsKR,MaterialsAndTextures/Materials/CreatingMaterialExpressions
CreatingNormalMaps,MaterialsAndTextures/Textures/CreatingNormalMaps
CreatingNormalMapsCH,MaterialsAndTextures/Textures/CreatingNormalMaps
CreatingNormalMapsJP,MaterialsAndTextures/Textures/CreatingNormalMaps
CreatingNormalMapsKR,MaterialsAndTextures/Textures/CreatingNormalMaps
CreatingShadeMaps,MaterialsAndTextures/Textures/CreatingShadeMaps
CreatingShadeMapsCH,MaterialsAndTextures/Textures/CreatingShadeMaps
CreatingShadeMapsJP,MaterialsAndTextures/Textures/CreatingShadeMaps
CreatingShadeMapsKR,MaterialsAndTextures/Textures/CreatingShadeMaps
CreatingTextures,MaterialsAndTextures/Textures/CreationGuide
CreatingTexturesCH,MaterialsAndTextures/Textures/CreationGuide
CreatingTexturesJP,MaterialsAndTextures/Textures/CreationGuide
CreatingTexturesKR,MaterialsAndTextures/Textures/CreationGuide
CrowdSystem,AIAndNavigation/CrowdSystem
CrowdSystemCH,AIAndNavigation/CrowdSystem
CrowdSystemJP,AIAndNavigation/CrowdSystem
CrowdSystemKR,AIAndNavigation/CrowdSystem
CurveEditorUserGuide,Editor/CurveEditor
CurveEditorUserGuideCH,Editor/CurveEditor
CurveEditorUserGuideJP,Editor/CurveEditor
CurveEditorUserGuideKR,Editor/CurveEditor
DebuggingTools,Engine/Programming/DebuggingTools
DebuggingToolsCH,Engine/Programming/DebuggingTools
DebuggingToolsJP,Engine/Programming/DebuggingTools
DebuggingToolsKR,Engine/Programming/DebuggingTools
DecalsHome,ParticlesAndEffects/Decals
DecalsHomeCH,ParticlesAndEffects/Decals
DecalsHomeJP,ParticlesAndEffects/Decals
DecalsHomeKR,ParticlesAndEffects/Decals
DecalsTechnicalGuide,ParticlesAndEffects/Decals/TechnicalGuide
DecalsTechnicalGuideCH,ParticlesAndEffects/Decals/TechnicalGuide
DecalsTechnicalGuideJP,ParticlesAndEffects/Decals/TechnicalGuide
DecalsTechnicalGuideKR,ParticlesAndEffects/Decals/TechnicalGuide
DemoRecording,GettingStarted/Basics/DemoRecording
DemoRecordingCH,GettingStarted/Basics/DemoRecording
DemoRecordingJP,GettingStarted/Basics/DemoRecording
DemoRecordingKR,GettingStarted/Basics/DemoRecording
DepthBiasBlendUsage,MaterialsAndTextures/Materials/DepthBiasBlendUsage
DepthBiasBlendUsageCH,MaterialsAndTextures/Materials/DepthBiasBlendUsage
DepthBiasBlendUsageJP,MaterialsAndTextures/Materials/DepthBiasBlendUsage
DepthBiasBlendUsageKR,MaterialsAndTextures/Materials/DepthBiasBlendUsage
DesignWorkflow,GettingStarted/Basics/DesignWorkflow
DesignWorkflowCH,GettingStarted/Basics/DesignWorkflow
DesignWorkflowJP,GettingStarted/Basics/DesignWorkflow
DesignWorkflowKR,GettingStarted/Basics/DesignWorkflow
DevelopingOnVista64bit,Engine/Programming/WindowsVista64Bit
DevelopingOnVista64bitCH,Engine/Programming/WindowsVista64Bit
DevelopingOnVista64bitJP,Engine/Programming/WindowsVista64Bit
DevelopingOnVista64bitKR,Engine/Programming/WindowsVista64Bit
DevelopmentKitFAQ,GettingStarted/Basics/UDKFAQ
DevelopmentKitFAQCH,GettingStarted/Basics/UDKFAQ
DevelopmentKitFAQJP,GettingStarted/Basics/UDKFAQ
DevelopmentKitFAQKR,GettingStarted/Basics/UDKFAQ
DialogSystem,Audio/DialogSystem
DialogSystemCH,Audio/DialogSystem
DialogSystemJP,Audio/DialogSystem
DialogSystemKR,Audio/DialogSystem
DirectoryLayout,GettingStarted/Basics/DirectoryLayout
DirectoryLayoutCH,GettingStarted/Basics/DirectoryLayout
DirectoryLayoutJP,GettingStarted/Basics/DirectoryLayout
DirectoryLayoutKR,GettingStarted/Basics/DirectoryLayout
DistanceAttenuationModel,Audio/DistanceAttenuationModel
DistanceAttenuationModelCH,Audio/DistanceAttenuationModel
DistanceAttenuationModelJP,Audio/DistanceAttenuationModel
DistanceAttenuationModelKR,Audio/DistanceAttenuationModel
DistributionAppleMac,Platforms/Mac/Distribution
DistributionAppleMacCH,Platforms/Mac/Distribution
DistributionAppleMacJP,Platforms/Mac/Distribution
DistributionAppleMacKR,Platforms/Mac/Distribution
Distributions,GettingStarted/Basics/Distributions
DistributionsCH,GettingStarted/Basics/Distributions
DistributionsJP,GettingStarted/Basics/Distributions
DistributionsKR,GettingStarted/Basics/Distributions
DownloadableContent,Gameplay/DownloadableContent
DownloadableContentCH,Gameplay/DownloadableContent
DownloadableContentJP,Gameplay/DownloadableContent
DownloadableContentKR,Gameplay/DownloadableContent
DownloadsPage,Resources/Downloads
DownloadsPageCH,Resources/Downloads
DownloadsPageJP,Resources/Downloads
DownloadsPageKR,Resources/Downloads
Doxygen,Engine/Programming/Doxygen
DoxygenCH,Engine/Programming/Doxygen
DoxygenJP,Engine/Programming/Doxygen
DoxygenKR,Engine/Programming/Doxygen
Eat3D,VideoTutorials/Eat3D
Eat3DCH,VideoTutorials/Eat3D
Eat3DJP,VideoTutorials/Eat3D
Eat3DKR,VideoTutorials/Eat3D
EditorAndToolsHome,Editor
EditorAndToolsHomeCH,Editor
EditorAndToolsHomeJP,Editor
EditorAndToolsHomeKR,Editor
EditorButtons,Editor/Controls
EditorButtonsCH,Editor/Controls
EditorButtonsJP,Editor/Controls
EditorButtonsKR,Editor/Controls
EditorConsoleCommands,GettingStarted/Basics/ConsoleCommands/Editor
EditorConsoleCommandsCH,GettingStarted/Basics/ConsoleCommands/Editor
EditorConsoleCommandsJP,GettingStarted/Basics/ConsoleCommands/Editor
EditorConsoleCommandsKR,GettingStarted/Basics/ConsoleCommands/Editor
EditorHotkeys,Editor/Controls/HotKeys
EditorHotkeysCH,Editor/Controls/HotKeys
EditorHotkeysJP,Editor/Controls/HotKeys
EditorHotkeysKR,Editor/Controls/HotKeys
EditorLocalization,Editor/Programming/Localization
EditorLocalizationCH,Editor/Programming/Localization
EditorLocalizationJP,Editor/Programming/Localization
EditorLocalizationKR,Editor/Programming/Localization
EditorPackageSaveProcedure,Editor/Packages/Saving
EditorPackageSaveProcedureCH,Editor/Packages/Saving
EditorPackageSaveProcedureJP,Editor/Packages/Saving
EditorPackageSaveProcedureKR,Editor/Packages/Saving
EngineProgrammingHome,Engine/Programming
EngineProgrammingHomeCH,Engine/Programming
EngineProgrammingHomeJP,Engine/Programming
EngineProgrammingHomeKR,Engine/Programming
EngineVersioning,Engine/Programming/Versioning
EngineVersioningCH,Engine/Programming/Versioning
EngineVersioningJP,Engine/Programming/Versioning
EngineVersioningKR,Engine/Programming/Versioning
EnvironmentArtistHome,Roles/EnvironentArtist
EnvironmentArtistHomeCH,Roles/EnvironentArtist
EnvironmentArtistHomeJP,Roles/EnvironentArtist
EnvironmentArtistHomeKR,Roles/EnvironentArtist
ExecFunctions,GettingStarted/Basics/ConsoleCommands/ExecFunctions
ExecFunctionsCH,GettingStarted/Basics/ConsoleCommands/ExecFunctions
ExecFunctionsJP,GettingStarted/Basics/ConsoleCommands/ExecFunctions
ExecFunctionsKR,GettingStarted/Basics/ConsoleCommands/ExecFunctions
ExtendingEditorFrame,Editor/Programming/EditorExtensions
ExtendingEditorFrameCH,Editor/Programming/EditorExtensions
ExtendingEditorFrameJP,Editor/Programming/EditorExtensions
ExtendingEditorFrameKR,Editor/Programming/EditorExtensions
ExtendingGenericBrowser,Editor/Programming/AssetTypes
ExtendingGenericBrowserCH,Editor/Programming/AssetTypes
ExtendingGenericBrowserJP,Editor/Programming/AssetTypes
ExtendingGenericBrowserKR,Editor/Programming/AssetTypes
FBXAnimationPipeline,FBX/Animations
FBXAnimationPipelineCH,FBX/Animations
FBXAnimationPipelineJP,FBX/Animations
FBXAnimationPipelineKR,FBX/Animations
FBXBestPractices,FBX/BestPractices
FBXBestPracticesCH,FBX/BestPractices
FBXBestPracticesJP,FBX/BestPractices
FBXBestPracticesKR,FBX/BestPractices
FBXMaterialPipeline,FBX/Materials
FBXMaterialPipelineCH,FBX/Materials
FBXMaterialPipelineJP,FBX/Materials
FBXMaterialPipelineKR,FBX/Materials
FBXMorphTargetPipeline,FBX/MorphTargets
FBXMorphTargetPipelineCH,FBX/MorphTargets
FBXMorphTargetPipelineJP,FBX/MorphTargets
FBXMorphTargetPipelineKR,FBX/MorphTargets
FBXPipeline,FBX
FBXPipelineCH,FBX
FBXPipelineJP,FBX
FBXPipelineKR,FBX
FBXSkeletalMeshPipeline,FBX/SkeletalMeshes
FBXSkeletalMeshPipelineCH,FBX/SkeletalMeshes
FBXSkeletalMeshPipelineJP,FBX/SkeletalMeshes
FBXSkeletalMeshPipelineKR,FBX/SkeletalMeshes
FBXStaticMeshPipeline,FBX/StaticMeshes
FBXStaticMeshPipelineCH,FBX/StaticMeshes
FBXStaticMeshPipelineJP,FBX/StaticMeshes
FBXStaticMeshPipelineKR,FBX/StaticMeshes
FileExtensions,BusinessAndLegal/FileExtensions
FileExtensionsCH,BusinessAndLegal/FileExtensions
FileExtensionsJP,BusinessAndLegal/FileExtensions
FileExtensionsKR,BusinessAndLegal/FileExtensions
FixUpRedirectsCommandlet,Commandlets/FixUpRedirects
FixUpRedirectsCommandletCH,Commandlets/FixUpRedirects
FixUpRedirectsCommandletJP,Commandlets/FixUpRedirects
FixUpRedirectsCommandletKR,Commandlets/FixUpRedirects
FlipbookTextures,MaterialsAndTextures/Textures/Flipbooks
FlipbookTexturesCH,MaterialsAndTextures/Textures/Flipbooks
FlipbookTexturesJP,MaterialsAndTextures/Textures/Flipbooks
FlipbookTexturesKR,MaterialsAndTextures/Textures/Flipbooks
FluidSurfaces,ParticlesAndEffects/FluidSurfaces/UserGuide
FluidSurfacesCH,ParticlesAndEffects/FluidSurfaces/UserGuide
FluidSurfacesHome,ParticlesAndEffects/FluidSurfaces
FluidSurfacesHomeCH,ParticlesAndEffects/FluidSurfaces
FluidSurfacesHomeJP,ParticlesAndEffects/FluidSurfaces
FluidSurfacesHomeKR,ParticlesAndEffects/FluidSurfaces
FluidSurfacesJP,ParticlesAndEffects/FluidSurfaces/UserGuide
FluidSurfacesKR,ParticlesAndEffects/FluidSurfaces/UserGuide
FogEffectsHome,ParticlesAndEffects/FogEffects
FogEffectsHomeCH,ParticlesAndEffects/FogEffects
FogEffectsHomeJP,ParticlesAndEffects/FogEffects
FogEffectsHomeKR,ParticlesAndEffects/FogEffects
FogVolumes,ParticlesAndEffects/FogEffects/FogVolumes
FogVolumesCH,ParticlesAndEffects/FogEffects/FogVolumes
FogVolumesJP,ParticlesAndEffects/FogEffects/FogVolumes
FogVolumesKR,ParticlesAndEffects/FogEffects/FogVolumes
Foliage,Foliage
FoliageCH,Foliage
FoliageJP,Foliage
FoliageKR,Foliage
FractureTool,StaticMeshes/FractureTool
FractureToolCH,StaticMeshes/FractureTool
FractureToolJP,StaticMeshes/FractureTool
FractureToolKR,StaticMeshes/FractureTool
FrequentlyAskedQuestions,GettingStarted/Basics/FAQ
FrequentlyAskedQuestionsCH,GettingStarted/Basics/FAQ
FrequentlyAskedQuestionsJP,GettingStarted/Basics/FAQ
FrequentlyAskedQuestionsKR,GettingStarted/Basics/FAQ
FullScreenMovie,MatineeAndCinematics/FullScreenMovie
FullScreenMovieCH,MatineeAndCinematics/FullScreenMovie
FullScreenMovieJP,MatineeAndCinematics/FullScreenMovie
FullScreenMovieKR,MatineeAndCinematics/FullScreenMovie
FXArtistHome,Roles/FXArtist
FXArtistHomeCH,Roles/FXArtist
FXArtistHomeJP,Roles/FXArtist
FXArtistHomeKR,Roles/FXArtist
GameMaintenance,ProfilingAndOptimization/General/GameMaintenance
GameMaintenanceCH,ProfilingAndOptimization/General/GameMaintenance
GameMaintenanceJP,ProfilingAndOptimization/General/GameMaintenance
GameMaintenanceKR,ProfilingAndOptimization/General/GameMaintenance
GameplayHome,Gameplay
GameplayHomeCH,Gameplay
GameplayHomeJP,Gameplay
GameplayHomeKR,Gameplay
GameplayProfiler,ProfilingAndOptimization/Gameplay/GameplayProfiler
GameplayProfilerCH,ProfilingAndOptimization/Gameplay/GameplayProfiler
GameplayProfilerJP,ProfilingAndOptimization/Gameplay/GameplayProfiler
GameplayProfilerKR,ProfilingAndOptimization/Gameplay/GameplayProfiler
GameplayProfiling,QA/Testing/GameplayProfiling
GameplayProfilingCH,QA/Testing/GameplayProfiling
GameplayProfilingJP,QA/Testing/GameplayProfiling
GameplayProfilingKR,QA/Testing/GameplayProfiling
GameStateReplication,NetworkingAndReplication/GameState
GameStateReplicationCH,NetworkingAndReplication/GameState
GameStateReplicationJP,NetworkingAndReplication/GameState
GameStateReplicationKR,NetworkingAndReplication/GameState
GameThreadProfilingHome,ProfilingAndOptimization/Gameplay/GameThread
GameThreadProfilingHomeCH,ProfilingAndOptimization/Gameplay/GameThread
GameThreadProfilingHomeJP,ProfilingAndOptimization/Gameplay/GameThread
GameThreadProfilingHomeKR,ProfilingAndOptimization/Gameplay/GameThread
GametypeTechnicalGuide,Gameplay/GameTypes
GametypeTechnicalGuideCH,Gameplay/GameTypes
GametypeTechnicalGuideJP,Gameplay/GameTypes
GametypeTechnicalGuideKR,Gameplay/GameTypes
GarbageCollection,Memory/GarbageCollection
GarbageCollectionCH,Memory/GarbageCollection
GarbageCollectionJP,Memory/GarbageCollection
GarbageCollectionKR,Memory/GarbageCollection
GettingStartedBuilding,GettingStarted/BuildingAndTesting
GettingStartedBuildingCH,GettingStarted/BuildingAndTesting
GettingStartedBuildingJP,GettingStarted/BuildingAndTesting
GettingStartedBuildingKR,GettingStarted/BuildingAndTesting
GettingStartedContent,GettingStarted/ContentCreation
GettingStartedContentCH,GettingStarted/ContentCreation
GettingStartedContentJP,GettingStarted/ContentCreation
GettingStartedContentKR,GettingStarted/ContentCreation
GettingStartedDeployment,GettingStarted/Deployment
GettingStartedDeploymentCH,GettingStarted/Deployment
GettingStartedDeploymentJP,GettingStarted/Deployment
GettingStartedDeploymentKR,GettingStarted/Deployment
GettingStartedEngine,GettingStarted/EngineSetup
GettingStartedEngineCH,GettingStarted/EngineSetup
GettingStartedEngineJP,GettingStarted/EngineSetup
GettingStartedEngineKR,GettingStarted/EngineSetup
GettingStartedGameplay,GettingStarted/GameplayElements
GettingStartedGameplayCH,GettingStarted/GameplayElements
GettingStartedGameplayJP,GettingStarted/GameplayElements
GettingStartedGameplayKR,GettingStarted/GameplayElements
GettingStartedLevels,GettingStarted/LevelEditing
GettingStartedLevelsCH,GettingStarted/LevelEditing
GettingStartedLevelsJP,GettingStarted/LevelEditing
GettingStartedLevelsKR,GettingStarted/LevelEditing
GettingStartedMac,Platforms/Mac/GettingStarted
GettingStartedMacCH,Platforms/Mac/GettingStarted
GettingStartedMacJP,Platforms/Mac/GettingStarted
GettingStartedMacKR,Platforms/Mac/GettingStarted
GettingStartedOverview,GettingStarted
GettingStartedOverviewCH,GettingStarted
GettingStartedOverviewJP,GettingStarted
GettingStartedOverviewKR,GettingStarted
GettingStartedProduction,GettingStarted/Production
GettingStartedProductionCH,GettingStarted/Production
GettingStartedProductionJP,GettingStarted/Production
GettingStartedProductionKR,GettingStarted/Production
GettingStartedProgramming,GettingStarted/Programming
GettingStartedProgrammingCH,GettingStarted/Programming
GettingStartedProgrammingJP,GettingStarted/Programming
GettingStartedProgrammingKR,GettingStarted/Programming
GettingStartedWithGeometryMode,Editor/GeometryMode
GettingStartedWithGeometryModeCH,Editor/GeometryMode
GettingStartedWithGeometryModeJP,Editor/GeometryMode
GettingStartedWithGeometryModeKR,Editor/GeometryMode
GPUProfilingHome,ProfilingAndOptimization/Rendering/GPU
GPUProfilingHomeCH,ProfilingAndOptimization/Rendering/GPU
GPUProfilingHomeJP,ProfilingAndOptimization/Rendering/GPU
GPUProfilingHomeKR,ProfilingAndOptimization/Rendering/GPU
HeightFog,ParticlesAndEffects/FogEffects/HeightFog
HeightFogCH,ParticlesAndEffects/FogEffects/HeightFog
HeightFogJP,ParticlesAndEffects/FogEffects/HeightFog
HeightFogKR,ParticlesAndEffects/FogEffects/HeightFog
HelpCommandlet,Commandlets/Help
HelpCommandletCH,Commandlets/Help
HelpCommandletJP,Commandlets/Help
HelpCommandletKR,Commandlets/Help
HitMask,SkeletalMeshes/HitMask
HitMaskCH,SkeletalMeshes/HitMask
HitMaskJP,SkeletalMeshes/HitMask
HitMaskKR,SkeletalMeshes/HitMask
HotSpotReportGeneration,ProfilingAndOptimization/LevelOptimization/HotSpotReports
HotSpotReportGenerationCH,ProfilingAndOptimization/LevelOptimization/HotSpotReports
HotSpotReportGenerationJP,ProfilingAndOptimization/LevelOptimization/HotSpotReports
HotSpotReportGenerationKR,ProfilingAndOptimization/LevelOptimization/HotSpotReports
HowToCreateANewPrimitiveType,Engine/Programming/PrimitiveTypes
HowToCreateANewPrimitiveTypeCH,Engine/Programming/PrimitiveTypes
HowToCreateANewPrimitiveTypeJP,Engine/Programming/PrimitiveTypes
HowToCreateANewPrimitiveTypeKR,Engine/Programming/PrimitiveTypes
HUDTechnicalGuide,UIAndHUD/HUDTechnicalGuide
HUDTechnicalGuideCH,UIAndHUD/HUDTechnicalGuide
HUDTechnicalGuideJP,UIAndHUD/HUDTechnicalGuide
HUDTechnicalGuideKR,UIAndHUD/HUDTechnicalGuide
ImportingAnimationsTutorial,Animation/ImportingGuide
ImportingAnimationsTutorialCH,Animation/ImportingGuide
ImportingAnimationsTutorialJP,Animation/ImportingGuide
ImportingAnimationsTutorialKR,Animation/ImportingGuide
ImportingFonts,UIAndHUD/ImportingFonts
ImportingFontsCH,UIAndHUD/ImportingFonts
ImportingFontsJP,UIAndHUD/ImportingFonts
ImportingFontsKR,UIAndHUD/ImportingFonts
ImportingSkeletalLODs,SkeletalMeshes/ImportingLODs
ImportingSkeletalLODsCH,SkeletalMeshes/ImportingLODs
ImportingSkeletalLODsJP,SkeletalMeshes/ImportingLODs
ImportingSkeletalLODsKR,SkeletalMeshes/ImportingLODs
ImportingTextureTutorial,MaterialsAndTextures/Textures/ImportingGuide
ImportingTextureTutorialCH,MaterialsAndTextures/Textures/ImportingGuide
ImportingTextureTutorialJP,MaterialsAndTextures/Textures/ImportingGuide
ImportingTextureTutorialKR,MaterialsAndTextures/Textures/ImportingGuide
InputOutputHome,InputAndOutput
InputOutputHomeCH,InputAndOutput
InputOutputHomeJP,InputAndOutput
InputOutputHomeKR,InputAndOutput
InstallationAndDistribution,InstallationAndDistribution
InstallationAndDistributionCH,InstallationAndDistribution
InstallationAndDistributionJP,InstallationAndDistribution
InstallationAndDistributionKR,InstallationAndDistribution
Instancedmaterials,MaterialsAndTextures/Materials/InstancedMaterials
InstancedMaterials_TimeVarying,MaterialsAndTextures/Materials/InstancedMaterials_TimeVarying
InstancedMaterials_TimeVaryingCH,MaterialsAndTextures/Materials/InstancedMaterials_TimeVarying
InstancedMaterials_TimeVaryingJP,MaterialsAndTextures/Materials/InstancedMaterials_TimeVarying
InstancedMaterials_TimeVaryingKR,MaterialsAndTextures/Materials/InstancedMaterials_TimeVarying
InstancedmaterialsCH,MaterialsAndTextures/Materials/InstancedMaterials
InstancedmaterialsJP,MaterialsAndTextures/Materials/InstancedMaterials
InstancedmaterialsKR,MaterialsAndTextures/Materials/InstancedMaterials
IntegratedPartnersProgram,BusinessAndLegal/IntegratedPartnersProgram
IntegratedPartnersProgramCH,BusinessAndLegal/IntegratedPartnersProgram
IntegratedPartnersProgramJP,BusinessAndLegal/IntegratedPartnersProgram
IntegratedPartnersProgramKR,BusinessAndLegal/IntegratedPartnersProgram
InteractiveFoliageActor,StaticMeshes/InteractiveFoliageActor
InteractiveFoliageActorCH,StaticMeshes/InteractiveFoliageActor
InteractiveFoliageActorJP,StaticMeshes/InteractiveFoliageActor
InteractiveFoliageActorKR,StaticMeshes/InteractiveFoliageActor
InteractiveStaticMeshes,StaticMeshes/InteractiveStaticMeshActor
InteractiveStaticMeshesCH,StaticMeshes/InteractiveStaticMeshActor
InteractiveStaticMeshesJP,StaticMeshes/InteractiveStaticMeshActor
InteractiveStaticMeshesKR,StaticMeshes/InteractiveStaticMeshActor
KeyBinds,InputAndOutput/KeyBinds
KeyBindsCH,InputAndOutput/KeyBinds
KeyBindsJP,InputAndOutput/KeyBinds
KeyBindsKR,InputAndOutput/KeyBinds
Landscape,Landscape
LandscapeCH,Landscape
LandscapeCreating,Landscape/Creation
LandscapeCreatingCH,Landscape/Creation
LandscapeCreatingJP,Landscape/Creation
LandscapeCreatingKR,Landscape/Creation
LandscapeEditing,Landscape/Editing
LandscapeEditingCH,Landscape/Editing
LandscapeEditingJP,Landscape/Editing
LandscapeEditingKR,Landscape/Editing
LandscapeJP,Landscape
LandscapeKR,Landscape
LandscapeMaterials,Landscape/Materials
LandscapeMaterialsCH,Landscape/Materials
LandscapeMaterialsJP,Landscape/Materials
LandscapeMaterialsKR,Landscape/Materials
LayersBrowserReference,Editor/Browsers/Layers
LayersBrowserReferenceCH,Editor/Browsers/Layers
LayersBrowserReferenceJP,Editor/Browsers/Layers
LayersBrowserReferenceKR,Editor/Browsers/Layers
LegalDisclaimer,BusinessAndLegal/Disclaimer
LegalDisclaimerCH,BusinessAndLegal/Disclaimer
LegalDisclaimerJP,BusinessAndLegal/Disclaimer
LegalDisclaimerKR,BusinessAndLegal/Disclaimer
LegalNotes,BusinessAndLegal/LegalNotes
LegalNotesCH,BusinessAndLegal/LegalNotes
LegalNotesJP,BusinessAndLegal/LegalNotes
LegalNotesKR,BusinessAndLegal/LegalNotes
LensFalreEditorUserGuide,ParticlesAndEffects/LensFlares/UserGuide
LensFalreEditorUserGuideCH,ParticlesAndEffects/LensFlares/UserGuide
LensFalreEditorUserGuideJP,ParticlesAndEffects/LensFlares/UserGuide
LensFalreEditorUserGuideKR,ParticlesAndEffects/LensFlares/UserGuide
LensFlaresHome,ParticlesAndEffects/LensFlares
LensFlaresHomeCH,ParticlesAndEffects/LensFlares
LensFlaresHomeJP,ParticlesAndEffects/LensFlares
LensFlaresHomeKR,ParticlesAndEffects/LensFlares
LevelBrowserReference,Editor/Browsers/Levels
LevelBrowserReferenceCH,Editor/Browsers/Levels
LevelBrowserReferenceJP,Editor/Browsers/Levels
LevelBrowserReferenceKR,Editor/Browsers/Levels
LevelDesignerHome,Roles/LevelDesigner
LevelDesignerHomeCH,Roles/LevelDesigner
LevelDesignerHomeJP,Roles/LevelDesigner
LevelDesignerHomeKR,Roles/LevelDesigner
LevelEditingHome,Disciplines/LevelEditing
LevelEditingHomeCH,Disciplines/LevelEditing
LevelEditingHomeJP,Disciplines/LevelEditing
LevelEditingHomeKR,Disciplines/LevelEditing
LevelOptimization,ProfilingAndOptimization/LevelOptimization
LevelOptimizationCH,ProfilingAndOptimization/LevelOptimization
LevelOptimizationJP,ProfilingAndOptimization/LevelOptimization
LevelOptimizationKR,ProfilingAndOptimization/LevelOptimization
LevelStreamingHome,LevelStreaming
LevelStreamingHomeCH,LevelStreaming
LevelStreamingHomeJP,LevelStreaming
LevelStreamingHomeKR,LevelStreaming
LevelStreamingVolumes,LevelStreaming/StreamingVolumes
LevelStreamingVolumesCH,LevelStreaming/StreamingVolumes
LevelStreamingVolumesJP,LevelStreaming/StreamingVolumes
LevelStreamingVolumesKR,LevelStreaming/StreamingVolumes
LicenseeBenefits,BusinessAndLegal/LicenseeBenefits
LicenseeBenefitsCH,BusinessAndLegal/LicenseeBenefits
LicenseeBenefitsJP,BusinessAndLegal/LicenseeBenefits
LicenseeBenefitsKR,BusinessAndLegal/LicenseeBenefits
LicenseeCodeSubmissions,CodeSubmissions
LicenseeCodeSubmissionsAndroid,CodeSubmissions/Android
LicenseeCodeSubmissionsAndroidCH,CodeSubmissions/Android
LicenseeCodeSubmissionsAndroidJP,CodeSubmissions/Android
LicenseeCodeSubmissionsAndroidKR,CodeSubmissions/Android
LicenseeCodeSubmissionsAppleiOS,CodeSubmissions/AppleiOS
LicenseeCodeSubmissionsAppleiOSCH,CodeSubmissions/AppleiOS
LicenseeCodeSubmissionsAppleiOSJP,CodeSubmissions/AppleiOS
LicenseeCodeSubmissionsAppleiOSKR,CodeSubmissions/AppleiOS
LicenseeCodeSubmissionsCH,CodeSubmissions
LicenseeCodeSubmissionsJP,CodeSubmissions
LicenseeCodeSubmissionsKR,CodeSubmissions
LicenseeVideoTutorials,VideoTutorials/Licensees
LicenseeVideoTutorialsCH,VideoTutorials/Licensees
LicenseeVideoTutorialsJP,VideoTutorials/Licensees
LicenseeVideoTutorialsKR,VideoTutorials/Licensees
LightMapUnwrapping,StaticMeshes/LightMapUnwrapping
LightMapUnwrappingCH,StaticMeshes/LightMapUnwrapping
LightMapUnwrappingJP,StaticMeshes/LightMapUnwrapping
LightMapUnwrappingKR,StaticMeshes/LightMapUnwrapping
LitTranslucency,MaterialsAndTextures/Materials/LitTranslucency
LitTranslucencyCH,MaterialsAndTextures/Materials/LitTranslucency
LitTranslucencyJP,MaterialsAndTextures/Materials/LitTranslucency
LitTranslucencyKR,MaterialsAndTextures/Materials/LitTranslucency
LocalizationReference,Engine/Programming/Localization
LocalizationReferenceCH,Engine/Programming/Localization
LocalizationReferenceJP,Engine/Programming/Localization
LocalizationReferenceKR,Engine/Programming/Localization
MacInstaller,Platforms/Mac/Installer
MacInstallerCH,Platforms/Mac/Installer
MacInstallerJP,Platforms/Mac/Installer
MacInstallerKR,Platforms/Mac/Installer
MacPlatformHome,Platforms/Mac
MacPlatformHomeCH,Platforms/Mac
MacPlatformHomeJP,Platforms/Mac
MacPlatformHomeKR,Platforms/Mac
MainEditorMenuBar,Editor/MenuBar
MainEditorMenuBarCH,Editor/MenuBar
MainEditorMenuBarJP,Editor/MenuBar
MainEditorMenuBarKR,Editor/MenuBar
MainEditorToolbar,Editor/ToolBar
MainEditorToolbarCH,Editor/ToolBar
MainEditorToolbarJP,Editor/ToolBar
MainEditorToolbarKR,Editor/ToolBar
MainEditorToolbox,Editor/ToolBox
MainEditorToolboxCH,Editor/ToolBox
MainEditorToolboxJP,Editor/ToolBox
MainEditorToolboxKR,Editor/ToolBox
MainLoopCodeFlow,Engine/Programming/MainLoop
MainLoopCodeFlowCH,Engine/Programming/MainLoop
MainLoopCodeFlowJP,Engine/Programming/MainLoop
MainLoopCodeFlowKR,Engine/Programming/MainLoop
MakingACommandlet,Commandlets/MakingACommandlet
MakingACommandletCH,Commandlets/MakingACommandlet
MakingACommandletJP,Commandlets/MakingACommandlet
MakingACommandletKR,Commandlets/MakingACommandlet
MakingBuilds,BuildingAndReleases/MakingBuilds
MakingBuildsCH,BuildingAndReleases/MakingBuilds
MakingBuildsJP,BuildingAndReleases/MakingBuilds
MakingBuildsKR,BuildingAndReleases/MakingBuilds
MapErrors,Editor/LevelEditing/MapErrors
MapErrorsCH,Editor/LevelEditing/MapErrors
MapErrorsJP,Editor/LevelEditing/MapErrors
MapErrorsKR,Editor/LevelEditing/MapErrors
MassiveLOD,Editor/LevelEditing/MassiveLOD
MassiveLODCH,Editor/LevelEditing/MassiveLOD
MassiveLODJP,Editor/LevelEditing/MassiveLOD
MassiveLODKR,Editor/LevelEditing/MassiveLOD
MaterialBasics,MaterialsAndTextures/Materials/Basics
MaterialBasicsCH,MaterialsAndTextures/Materials/Basics
MaterialBasicsJP,MaterialsAndTextures/Materials/Basics
MaterialBasicsKR,MaterialsAndTextures/Materials/Basics
MaterialEditorUserGuide,MaterialsAndtextures/Materials/MaterialEditor
MaterialEditorUserGuideCH,MaterialsAndtextures/Materials/MaterialEditor
MaterialEditorUserGuideJP,MaterialsAndtextures/Materials/MaterialEditor
MaterialEditorUserGuideKR,MaterialsAndtextures/Materials/MaterialEditor
MaterialExamples,MaterialsAndTextures/Materials/Examples
MaterialExamplesCH,MaterialsAndTextures/Materials/Examples
MaterialExamplesJP,MaterialsAndTextures/Materials/Examples
MaterialExamplesKR,MaterialsAndTextures/Materials/Examples
MaterialFunctions,MaterialsAndTextures/Materials/Functions
MaterialFunctionsCH,MaterialsAndTextures/Materials/Functions
MaterialFunctionsJP,MaterialsAndTextures/Materials/Functions
MaterialFunctionsKR,MaterialsAndTextures/Materials/Functions
MaterialInstanceConstant,MaterialsAndTextures/Materials/MaterialInstanceConstants
MaterialInstanceConstantCH,MaterialsAndTextures/Materials/MaterialInstanceConstants
MaterialInstanceConstantJP,MaterialsAndTextures/Materials/MaterialInstanceConstants
MaterialInstanceConstantKR,MaterialsAndTextures/Materials/MaterialInstanceConstants
MaterialInstanceEditorUserGuide,MaterialsAndTextures/Materials/MaterialInstanceEditor
MaterialInstanceEditorUserGuideCH,MaterialsAndTextures/Materials/MaterialInstanceEditor
MaterialInstanceEditorUserGuideJP,MaterialsAndTextures/Materials/MaterialInstanceEditor
MaterialInstanceEditorUserGuideKR,MaterialsAndTextures/Materials/MaterialInstanceEditor
MaterialMasks,MaterialsAndTextures/Materials/Masks
MaterialMasksCH,MaterialsAndTextures/Materials/Masks
MaterialMasksJP,MaterialsAndTextures/Materials/Masks
MaterialMasksKR,MaterialsAndTextures/Materials/Masks
MaterialsAndTexturesHome,MaterialsAndTextures
MaterialsAndTexturesHomeCH,MaterialsAndTextures
MaterialsAndTexturesHomeJP,MaterialsAndTextures
MaterialsAndTexturesHomeKR,MaterialsAndTextures
MaterialsCompendium,MaterialsAndTextures/Materials/Compendium
MaterialsCompendiumCH,MaterialsAndTextures/Materials/Compendium
MaterialsCompendiumJP,MaterialsAndTextures/Materials/Compendium
MaterialsCompendiumKR,MaterialsAndTextures/Materials/Compendium
MaterialsTutorial,MaterialsAndTextures/Materials/Tutorial
MaterialsTutorialCH,MaterialsAndTextures/Materials/Tutorial
MaterialsTutorialJP,MaterialsAndTextures/Materials/Tutorial
MaterialsTutorialKR,MaterialsAndTextures/Materials/Tutorial
MatineeAndCinematicsHome,MatineeAndCinematics
MatineeAndCinematicsHomeCH,MatineeAndCinematics
MatineeAndCinematicsHomeJP,MatineeAndCinematics
MatineeAndCinematicsHomeKR,MatineeAndCinematics
MatineeAnimControlTrack,MatineeAndCinematics/Matinee/AnimControlTrack
MatineeAnimControlTrackCH,MatineeAndCinematics/Matinee/AnimControlTrack
MatineeAnimControlTrackJP,MatineeAndCinematics/Matinee/AnimControlTrack
MatineeAnimControlTrackKR,MatineeAndCinematics/Matinee/AnimControlTrack
MatineeTrackReference,MatineeAndCinematics/Matinee/TrackReference
MatineeTrackReferenceCH,MatineeAndCinematics/Matinee/TrackReference
MatineeTrackReferenceJP,MatineeAndCinematics/Matinee/TrackReference
MatineeTrackReferenceKR,MatineeAndCinematics/Matinee/TrackReference
MatineeUserGuide,MatineeAndCinematics/Matinee/UserGuide
MatineeUserGuideCH,MatineeAndCinematics/Matinee/UserGuide
MatineeUserGuideJP,MatineeAndCinematics/Matinee/UserGuide
MatineeUserGuideKR,MatineeAndCinematics/Matinee/UserGuide
MemLeakCheckTracking,Memory/Tracking/MemLeachCheckTracking
MemLeakCheckTrackingCH,Memory/Tracking/MemLeachCheckTracking
MemLeakCheckTrackingJP,Memory/Tracking/MemLeachCheckTracking
MemLeakCheckTrackingKR,Memory/Tracking/MemLeachCheckTracking
MemoryAnalyzer,Memory/Analyzer
MemoryAnalyzerCH,Memory/Analyzer
MemoryAnalyzerJP,Memory/Analyzer
MemoryAnalyzerKR,Memory/Analyzer
MemoryDebugging,Memory/Debugging
MemoryDebuggingCH,Memory/Debugging
MemoryDebuggingJP,Memory/Debugging
MemoryDebuggingKR,Memory/Debugging
MemoryHome,Memory
MemoryHomeCH,Memory
MemoryHomeJP,Memory
MemoryHomeKR,Memory
MemoryManagement,Memory/Management
MemoryManagementCH,Memory/Management
MemoryManagementJP,Memory/Management
MemoryManagementKR,Memory/Management
MemoryOverview,Memory/Overview
MemoryOverviewCH,Memory/Overview
MemoryOverviewJP,Memory/Overview
MemoryOverviewKR,Memory/Overview
MemoryProfiler,Memory/Profiling/Profiler
MemoryProfilerCH,Memory/Profiling/Profiler
MemoryProfilerJP,Memory/Profiling/Profiler
MemoryProfilerKR,Memory/Profiling/Profiler
MemoryProfilingHome,Memory/Profiling
MemoryProfilingHomeCH,Memory/Profiling
MemoryProfilingHomeJP,Memory/Profiling
MemoryProfilingHomeKR,Memory/Profiling
MemoryTracking,Memory/Tracking
MemoryTrackingCH,Memory/Tracking
MemoryTrackingJP,Memory/Tracking
MemoryTrackingKR,Memory/Tracking
MemoryUsage,Memory/Usage
MemoryUsageCH,Memory/Usage
MemoryUsageJP,Memory/Usage
MemoryUsageKR,Memory/Usage
MeshPaintReference,Editor/MeshPaintMode/VertexColor
MeshPaintReferenceCH,Editor/MeshPaintMode/VertexColor
MeshPaintReferenceJP,Editor/MeshPaintMode/VertexColor
MeshPaintReferenceKR,Editor/MeshPaintMode/VertexColor
MeshSimplificationTool,StaticMeshes/SimplificationTool
MeshSimplificationToolCH,StaticMeshes/SimplificationTool
MeshSimplificationToolJP,StaticMeshes/SimplificationTool
MeshSimplificationToolKR,StaticMeshes/SimplificationTool
Methodology,BuildingAndReleases/Methodology
MethodologyCH,BuildingAndReleases/Methodology
MethodologyJP,BuildingAndReleases/Methodology
MethodologyKR,BuildingAndReleases/Methodology
MineCookedPackages,Commandlets/MineCookedPackages
MineCookedPackagesCH,Commandlets/MineCookedPackages
MineCookedPackagesJP,Commandlets/MineCookedPackages
MineCookedPackagesKR,Commandlets/MineCookedPackages
ModularEnvironmentCreation,StaticMeshes/ModularEnvironmentCreation
ModularEnvironmentCreationCH,StaticMeshes/ModularEnvironmentCreation
ModularEnvironmentCreationJP,StaticMeshes/ModularEnvironmentCreation
ModularEnvironmentCreationKR,StaticMeshes/ModularEnvironmentCreation
ModularLevelDesign,Editor/LevelEditing/ModularDesign
ModularLevelDesignCH,Editor/LevelEditing/ModularDesign
ModularLevelDesignJP,Editor/LevelEditing/ModularDesign
ModularLevelDesignKR,Editor/LevelEditing/ModularDesign
MorphTargets,Animation/MorphTargets
MorphTargetsCH,Animation/MorphTargets
MorphTargetsJP,Animation/MorphTargets
MorphTargetsKR,Animation/MorphTargets
MovieCapture,MatineeAndCinematics/MovieCapture
MovieCaptureCH,MatineeAndCinematics/MovieCapture
MovieCaptureJP,MatineeAndCinematics/MovieCapture
MovieCaptureKR,MatineeAndCinematics/MovieCapture
MovieTexture,MaterialsAndTextures/Textures/Movies
MovieTextureCH,MaterialsAndTextures/Textures/Movies
MovieTextureJP,MaterialsAndTextures/Textures/Movies
MovieTextureKR,MaterialsAndTextures/Textures/Movies
NativeCodingAdvancedOverview,Gameplay/Native
NativeCodingAdvancedOverviewCH,Gameplay/Native
NativeCodingAdvancedOverviewJP,Gameplay/Native
NativeCodingAdvancedOverviewKR,Gameplay/Native
NativeCodingCreatingNativeClasses,Gameplay/Native/Classes
NativeCodingCreatingNativeClassesCH,Gameplay/Native/Classes
NativeCodingCreatingNativeClassesJP,Gameplay/Native/Classes
NativeCodingCreatingNativeClassesKR,Gameplay/Native/Classes
NativeCodingCreatingNativePackages,Gameplay/Native/Packages
NativeCodingCreatingNativePackagesCH,Gameplay/Native/Packages
NativeCodingCreatingNativePackagesJP,Gameplay/Native/Packages
NativeCodingCreatingNativePackagesKR,Gameplay/Native/Packages
NavigationMeshPathDebugging,AIAndNavigation/NavMesh/PathDebugging
NavigationMeshPathDebuggingCH,AIAndNavigation/NavMesh/PathDebugging
NavigationMeshPathDebuggingJP,AIAndNavigation/NavMesh/PathDebugging
NavigationMeshPathDebuggingKR,AIAndNavigation/NavMesh/PathDebugging
NavigationMeshTechnicalGuide,AIAndNavigation/NavMesh/TechnicalGuide
NavigationMeshTechnicalGuideCH,AIAndNavigation/NavMesh/TechnicalGuide
NavigationMeshTechnicalGuideJP,AIAndNavigation/NavMesh/TechnicalGuide
NavigationMeshTechnicalGuideKR,AIAndNavigation/NavMesh/TechnicalGuide
NavMeshConstraintsAndGoalEvaluators,AIAndNavigation/NavMesh/ConstraintsAndGoalEvaluators
NavMeshConstraintsAndGoalEvaluatorsCH,AIAndNavigation/NavMesh/ConstraintsAndGoalEvaluators
NavMeshConstraintsAndGoalEvaluatorsJP,AIAndNavigation/NavMesh/ConstraintsAndGoalEvaluators
NavMeshConstraintsAndGoalEvaluatorsKR,AIAndNavigation/NavMesh/ConstraintsAndGoalEvaluators
NavMeshDynamicObstacleSplitting,AIAndNavigation/NavMesh/DynamicObstacleSplitting
NavMeshDynamicObstacleSplittingCH,AIAndNavigation/NavMesh/DynamicObstacleSplitting
NavMeshDynamicObstacleSplittingJP,AIAndNavigation/NavMesh/DynamicObstacleSplitting
NavMeshDynamicObstacleSplittingKR,AIAndNavigation/NavMesh/DynamicObstacleSplitting
NavMeshManualCreation,AIAndNavigation/NavMesh/ManualCreation
NavMeshManualCreationCH,AIAndNavigation/NavMesh/ManualCreation
NavMeshManualCreationJP,AIAndNavigation/NavMesh/ManualCreation
NavMeshManualCreationKR,AIAndNavigation/NavMesh/ManualCreation
NavMeshPathObjects,AIAndNavigation/NavMesh/PathObjects
NavMeshPathObjectsCH,AIAndNavigation/NavMesh/PathObjects
NavMeshPathObjectsJP,AIAndNavigation/NavMesh/PathObjects
NavMeshPathObjectsKR,AIAndNavigation/NavMesh/PathObjects
NetworkingOverview,NetworkingAndReplication/Overview
NetworkingOverviewCH,NetworkingAndReplication/Overview
NetworkingOverviewJP,NetworkingAndReplication/Overview
NetworkingOverviewKR,NetworkingAndReplication/Overview
NetworkProfiler,NetworkingAndReplication/Profiler
NetworkProfilerCH,NetworkingAndReplication/Profiler
NetworkProfilerJP,NetworkingAndReplication/Profiler
NetworkProfilerKR,NetworkingAndReplication/Profiler
NormalMapFormats,MaterialsAndTextures/Textures/NormalMapFormats
NormalMapFormatsCH,MaterialsAndTextures/Textures/NormalMapFormats
NormalMapFormatsJP,MaterialsAndTextures/Textures/NormalMapFormats
NormalMapFormatsKR,MaterialsAndTextures/Textures/NormalMapFormats
OptimizedCode,Engine/Programming/CodeOptimization
OptimizedCodeCH,Engine/Programming/CodeOptimization
OptimizedCodeJP,Engine/Programming/CodeOptimization
OptimizedCodeKR,Engine/Programming/CodeOptimization
OptimizingLevelsForRendering,ProfilingAndOptimization/LevelOptimization/Rendering
OptimizingLevelsForRenderingCH,ProfilingAndOptimization/LevelOptimization/Rendering
OptimizingLevelsForRenderingJP,ProfilingAndOptimization/LevelOptimization/Rendering
OptimizingLevelsForRenderingKR,ProfilingAndOptimization/LevelOptimization/Rendering
ParticleExamples,ParticlesAndEffects/ParticleSystems/Examples
ParticleExamplesCH,ParticlesAndEffects/ParticleSystems/Examples
ParticleExamplesJP,ParticlesAndEffects/ParticleSystems/Examples
ParticleExamplesKR,ParticlesAndEffects/ParticleSystems/Examples
ParticlesAndEffectsHome,ParticlesAndEffects
ParticlesAndEffectsHomeCH,ParticlesAndEffects
ParticlesAndEffectsHomeJP,ParticlesAndEffects
ParticlesAndEffectsHomeKR,ParticlesAndEffects
ParticleSpriteSubUVEmitterTutorial,ParticlesAndEffects/ParticleSystems/SpriteSubUVEmitterTutorial
ParticleSpriteSubUVEmitterTutorialCH,ParticlesAndEffects/ParticleSystems/SpriteSubUVEmitterTutorial
ParticleSpriteSubUVEmitterTutorialJP,ParticlesAndEffects/ParticleSystems/SpriteSubUVEmitterTutorial
ParticleSpriteSubUVEmitterTutorialKR,ParticlesAndEffects/ParticleSystems/SpriteSubUVEmitterTutorial
ParticleSystemReference,ParticlesAndEffects/ParticleSystems/Reference
ParticleSystemReferenceCH,ParticlesAndEffects/ParticleSystems/Reference
ParticleSystemReferenceJP,ParticlesAndEffects/ParticleSystems/Reference
ParticleSystemReferenceKR,ParticlesAndEffects/ParticleSystems/Reference
ParticleSystemsHome,ParticlesAndEffects/ParticleSystems
ParticleSystemsHomeCH,ParticlesAndEffects/ParticleSystems
ParticleSystemsHomeJP,ParticlesAndEffects/ParticleSystems
ParticleSystemsHomeKR,ParticlesAndEffects/ParticleSystems
PerActorParticleCollision,ParticlesAndEffects/ParticleSystems/PerActorParticleCollision
PerActorParticleCollisionCH,ParticlesAndEffects/ParticleSystems/PerActorParticleCollision
PerActorParticleCollisionJP,ParticlesAndEffects/ParticleSystems/PerActorParticleCollision
PerActorParticleCollisionKR,ParticlesAndEffects/ParticleSystems/PerActorParticleCollision
PerfDebug_AlwaysLoadedContent,ProfilingAndOptimization/Content/AlwaysLoadedContent
PerfDebug_AlwaysLoadedContentCH,ProfilingAndOptimization/Content/AlwaysLoadedContent
PerfDebug_AlwaysLoadedContentJP,ProfilingAndOptimization/Content/AlwaysLoadedContent
PerfDebug_AlwaysLoadedContentKR,ProfilingAndOptimization/Content/AlwaysLoadedContent
PerfHUD,ProfilingAndOptimization/Rendering/PerfHUD
PerfHUDCH,ProfilingAndOptimization/Rendering/PerfHUD
PerfHUDJP,ProfilingAndOptimization/Rendering/PerfHUD
PerfHUDKR,ProfilingAndOptimization/Rendering/PerfHUD
PerforceAutoMerge,Engine/Programming/Perforce/AutoMerge
PerforceAutoMergeCH,Engine/Programming/Perforce/AutoMerge
PerforceAutoMergeJP,Engine/Programming/Perforce/AutoMerge
PerforceAutoMergeKR,Engine/Programming/Perforce/AutoMerge
PerforceIntegration,Engine/Programming/Perforce/Integration
PerforceIntegrationCH,Engine/Programming/Perforce/Integration
PerforceIntegrationJP,Engine/Programming/Perforce/Integration
PerforceIntegrationKR,Engine/Programming/Perforce/Integration
PerformanceHome,ProfilingAndOptimization
PerformanceHomeCH,ProfilingAndOptimization
PerformanceHomeJP,ProfilingAndOptimization
PerformanceHomeKR,ProfilingAndOptimization
PerfStats,ProfilingAndOptimization/General/PerfStats
PerfStatsCH,ProfilingAndOptimization/General/PerfStats
PerfStatsJP,ProfilingAndOptimization/General/PerfStats
PerfStatsKR,ProfilingAndOptimization/General/PerfStats
PhATUserGuide,Physics/PhAT
PhATUserGuideCH,Physics/PhAT
PhATUserGuideJP,Physics/PhAT
PhATUserGuideKR,Physics/PhAT
PhysicalAnimation,Animation/PhysicalAnimation
PhysicalAnimationCH,Animation/PhysicalAnimation
PhysicalAnimationJP,Animation/PhysicalAnimation
PhysicalAnimationKR,Animation/PhysicalAnimation
PhysicalMaterial,Physics/PhysicalMaterials/Overview
PhysicalMaterialCH,Physics/PhysicalMaterials/Overview
PhysicalMaterialJP,Physics/PhysicalMaterials/Overview
PhysicalMaterialKR,Physics/PhysicalMaterials/Overview
PhysicalMaterialMasks,Physics/PhysicalMaterials/Masks
PhysicalMaterialMasksCH,Physics/PhysicalMaterials/Masks
PhysicalMaterialMasksJP,Physics/PhysicalMaterials/Masks
PhysicalMaterialMasksKR,Physics/PhysicalMaterials/Masks
PhysicsDampingAndFriction,Physics/PhysX/DampingAndFricting
PhysicsDampingAndFrictionCH,Physics/PhysX/DampingAndFricting
PhysicsDampingAndFrictionJP,Physics/PhysX/DampingAndFricting
PhysicsDampingAndFrictionKR,Physics/PhysX/DampingAndFricting
PhysicsHome,Physics
PhysicsHomeCH,Physics
PhysicsHomeJP,Physics
PhysicsHomeKR,Physics
PhysXClothReference,Physics/PhysX/Cloth
PhysXClothReferenceCH,Physics/PhysX/Cloth
PhysXClothReferenceJP,Physics/PhysX/Cloth
PhysXClothReferenceKR,Physics/PhysX/Cloth
PhysXConstraintReference,Physics/PhysX/Constraints
PhysXConstraintReferenceCH,Physics/PhysX/Constraints
PhysXConstraintReferenceJP,Physics/PhysX/Constraints
PhysXConstraintReferenceKR,Physics/PhysX/Constraints
PhysXInstallers,Physics/PhysX/Installers
PhysXInstallersCH,Physics/PhysX/Installers
PhysXInstallersJP,Physics/PhysX/Installers
PhysXInstallersKR,Physics/PhysX/Installers
PhysXParticleSystemReference,Physics/PhysX/ParticleSystems
PhysXParticleSystemReferenceCH,Physics/PhysX/ParticleSystems
PhysXParticleSystemReferenceJP,Physics/PhysX/ParticleSystems
PhysXParticleSystemReferenceKR,Physics/PhysX/ParticleSystems
PhysXProfilingHome,ProfilingAndOptimization/LevelOptimization/PhysX
PhysXProfilingHomeCH,ProfilingAndOptimization/LevelOptimization/PhysX
PhysXProfilingHomeJP,ProfilingAndOptimization/LevelOptimization/PhysX
PhysXProfilingHomeKR,ProfilingAndOptimization/LevelOptimization/PhysX
PhysXReference,Physics/PhysX/Reference
PhysXReferenceCH,Physics/PhysX/Reference
PhysXReferenceJP,Physics/PhysX/Reference
PhysXReferenceKR,Physics/PhysX/Reference
PhysXSoftBodyReference,Physics/PhysX/SoftBody
PhysXSoftBodyReferenceCH,Physics/PhysX/SoftBody
PhysXSoftBodyReferenceJP,Physics/PhysX/SoftBody
PhysXSoftBodyReferenceKR,Physics/PhysX/SoftBody
PlayInEditor,Editor/PlayInEditor
PlayInEditorCH,Editor/PlayInEditor
PlayInEditorJP,Editor/PlayInEditor
PlayInEditorKR,Editor/PlayInEditor
ProceduralBuildings,StaticMeshes/ProcBuildings
ProceduralBuildingsCH,StaticMeshes/ProcBuildings
ProceduralBuildingsJP,StaticMeshes/ProcBuildings
ProceduralBuildingsKR,StaticMeshes/ProcBuildings
ProceduralBuildingsTutorial,StaticMeshes/ProcBuildings/Tutorial
ProceduralBuildingsTutorialCH,StaticMeshes/ProcBuildings/Tutorial
ProceduralBuildingsTutorialJP,StaticMeshes/ProcBuildings/Tutorial
ProceduralBuildingsTutorialKR,StaticMeshes/ProcBuildings/Tutorial
ProductionHome,Production
ProductionHomeCH,Production
ProductionHomeJP,Production
ProductionHomeKR,Production
ProductionPlanning,Production/Planning
ProductionPlanningCH,Production/Planning
ProductionPlanningJP,Production/Planning
ProductionPlanningKR,Production/Planning
ProfileSettings,Gameplay/ProfileSettings
ProfileSettingsCH,Gameplay/ProfileSettings
ProfileSettingsJP,Gameplay/ProfileSettings
ProfileSettingsKR,Gameplay/ProfileSettings
ProfilingBasics,ProfilingAndOptimization/General/ProfilingBasics
ProfilingBasicsCH,ProfilingAndOptimization/General/ProfilingBasics
ProfilingBasicsJP,ProfilingAndOptimization/General/ProfilingBasics
ProfilingBasicsKR,ProfilingAndOptimization/General/ProfilingBasics
ProfilingEffectsWithPIX,ProfilingAndOptimization/Rendering/PIX
ProfilingEffectsWithPIXCH,ProfilingAndOptimization/Rendering/PIX
ProfilingEffectsWithPIXJP,ProfilingAndOptimization/Rendering/PIX
ProfilingEffectsWithPIXKR,ProfilingAndOptimization/Rendering/PIX
ProgrammingTipsAndTricks,Engine/Programming/TipsAndTricks
ProgrammingTipsAndTricksCH,Engine/Programming/TipsAndTricks
ProgrammingTipsAndTricksJP,Engine/Programming/TipsAndTricks
ProgrammingTipsAndTricksKR,Engine/Programming/TipsAndTricks
ProjectsAndSolutions,Engine/Programming/ProjectsAndSolutions
ProjectsAndSolutionsCH,Engine/Programming/ProjectsAndSolutions
ProjectsAndSolutionsJP,Engine/Programming/ProjectsAndSolutions
ProjectsAndSolutionsKR,Engine/Programming/ProjectsAndSolutions
PropertyOverview,Engine/Programming/Properties
PropertyOverviewCH,Engine/Programming/Properties
PropertyOverviewJP,Engine/Programming/Properties
PropertyOverviewKR,Engine/Programming/Properties
PropertyWindow,Editor/PropertyWindow
PropertyWindowCH,Editor/PropertyWindow
PropertyWindowJP,Editor/PropertyWindow
PropertyWindowKR,Editor/PropertyWindow
QABuildHome,QA/Builds
QABuildHomeCH,QA/Builds
QABuildHomeJP,QA/Builds
QABuildHomeKR,QA/Builds
QATestingHome,QA/Testing
QATestingHomeCH,QA/Testing
QATestingHomeJP,QA/Testing
QATestingHomeKR,QA/Testing
RecommendedHardware,GettingStarted/Basics/RecommendedHardware
RecommendedHardwareCH,GettingStarted/Basics/RecommendedHardware
RecommendedHardwareJP,GettingStarted/Basics/RecommendedHardware
RecommendedHardwareKR,GettingStarted/Basics/RecommendedHardware
RecommendedSoftware,GettingStarted/Basics/RecommendedSoftware
RecommendedSoftwareCH,GettingStarted/Basics/RecommendedSoftware
RecommendedSoftwareJP,GettingStarted/Basics/RecommendedSoftware
RecommendedSoftwareKR,GettingStarted/Basics/RecommendedSoftware
ReferencedAssetsBrowserReference,Editor/Browsers/ReferenceAssets
ReferencedAssetsBrowserReferenceCH,Editor/Browsers/ReferenceAssets
ReferencedAssetsBrowserReferenceJP,Editor/Browsers/ReferenceAssets
ReferencedAssetsBrowserReferenceKR,Editor/Browsers/ReferenceAssets
ReferenceShaderCache,MaterialsAndTextures/Materials/ReferenceShaderCache
ReferenceShaderCacheCH,MaterialsAndTextures/Materials/ReferenceShaderCache
ReferenceShaderCacheJP,MaterialsAndTextures/Materials/ReferenceShaderCache
ReferenceShaderCacheKR,MaterialsAndTextures/Materials/ReferenceShaderCache
ReferenceTreeTool,Editor/Tools/ReferenceTreeTool
ReferenceTreeToolCH,Editor/Tools/ReferenceTreeTool
ReferenceTreeToolJP,Editor/Tools/ReferenceTreeTool
ReferenceTreeToolKR,Editor/Tools/ReferenceTreeTool
RemoteControl,GettingStarted/Basics/RemoteControl
RemoteControlCH,GettingStarted/Basics/RemoteControl
RemoteControlJP,GettingStarted/Basics/RemoteControl
RemoteControlKR,GettingStarted/Basics/RemoteControl
RenderThreadProfilingHome,ProfilingAndOptimization/Rendering/RenderThread
RenderThreadProfilingHomeCH,ProfilingAndOptimization/Rendering/RenderThread
RenderThreadProfilingHomeJP,ProfilingAndOptimization/Rendering/RenderThread
RenderThreadProfilingHomeKR,ProfilingAndOptimization/Rendering/RenderThread
RenderTotexture,MaterialsAndTextures/Textures/RenderToTexture
RenderTotextureCH,MaterialsAndTextures/Textures/RenderToTexture
RenderTotextureJP,MaterialsAndTextures/Textures/RenderToTexture
RenderTotextureKR,MaterialsAndTextures/Textures/RenderToTexture
ReplicationGlossary,NetworkingAndReplication/Glossary
ReplicationGlossaryCH,NetworkingAndReplication/Glossary
ReplicationGlossaryJP,NetworkingAndReplication/Glossary
ReplicationGlossaryKR,NetworkingAndReplication/Glossary
ReplicationHome,NetworkingAndReplication
ReplicationHomeCH,NetworkingAndReplication
ReplicationHomeJP,NetworkingAndReplication
ReplicationHomeKR,NetworkingAndReplication
ReplicationPatternClientToServerRPC,NetworkingAndReplication/ClientToServerRPC
ReplicationPatternClientToServerRPCCH,NetworkingAndReplication/ClientToServerRPC
ReplicationPatternClientToServerRPCJP,NetworkingAndReplication/ClientToServerRPC
ReplicationPatternClientToServerRPCKR,NetworkingAndReplication/ClientToServerRPC
ReplicationPatternRepNotify,NetworkingAndReplication/RepNotify
ReplicationPatternRepNotifyCH,NetworkingAndReplication/RepNotify
ReplicationPatternRepNotifyJP,NetworkingAndReplication/RepNotify
ReplicationPatternRepNotifyKR,NetworkingAndReplication/RepNotify
ReplicationPatternServerToClientRPC,NetworkingAndReplication/ServerToClientRPC
ReplicationPatternServerToClientRPCCH,NetworkingAndReplication/ServerToClientRPC
ReplicationPatternServerToClientRPCJP,NetworkingAndReplication/ServerToClientRPC
ReplicationPatternServerToClientRPCKR,NetworkingAndReplication/ServerToClientRPC
ReplicationProxy,NetworkingAndReplication/Proxy
ReplicationProxyCH,NetworkingAndReplication/Proxy
ReplicationProxyJP,NetworkingAndReplication/Proxy
ReplicationProxyKR,NetworkingAndReplication/Proxy
ReplicationRelevancy,NetworkingAndReplication/Relevancy
ReplicationRelevancyCH,NetworkingAndReplication/Relevancy
ReplicationRelevancyJP,NetworkingAndReplication/Relevancy
ReplicationRelevancyKR,NetworkingAndReplication/Relevancy
ReplicationTemporary,NetworkingAndReplication/Temporary
ReplicationTemporaryCH,NetworkingAndReplication/Temporary
ReplicationTemporaryJP,NetworkingAndReplication/Temporary
ReplicationTemporaryKR,NetworkingAndReplication/Temporary
ReplicationTornOff,NetworkingAndReplication/TornOff
ReplicationTornOffCH,NetworkingAndReplication/TornOff
ReplicationTornOffJP,NetworkingAndReplication/TornOff
ReplicationTornOffKR,NetworkingAndReplication/TornOff
ReplicationVariableReplicationNotes,NetworkingAndReplication/Variables
ReplicationVariableReplicationNotesCH,NetworkingAndReplication/Variables
ReplicationVariableReplicationNotesJP,NetworkingAndReplication/Variables
ReplicationVariableReplicationNotesKR,NetworkingAndReplication/Variables
ReplicationWeapons,NetworkingAndReplication/WeaponReplication
ReplicationWeaponsCH,NetworkingAndReplication/WeaponReplication
ReplicationWeaponsJP,NetworkingAndReplication/WeaponReplication
ReplicationWeaponsKR,NetworkingAndReplication/WeaponReplication
ResourceDepot,Resources
ResourceDepotCH,Resources
ResourceDepotJP,Resources
ResourceDepotKR,Resources
RootMotion,Animation/RootMotion
RootMotionCH,Animation/RootMotion
RootMotionJP,Animation/RootMotion
RootMotionKR,Animation/RootMotion
RunningUnrealEngine3,BuildingAndReleases/RunningUnrealEngine
RunningUnrealEngine3CH,BuildingAndReleases/RunningUnrealEngine
RunningUnrealEngine3JP,BuildingAndReleases/RunningUnrealEngine
RunningUnrealEngine3KR,BuildingAndReleases/RunningUnrealEngine
SaveGames,Gameplay/SaveGames
SaveGamesCH,Gameplay/SaveGames
SaveGamesJP,Gameplay/SaveGames
SaveGamesKR,Gameplay/SaveGames
Scaleform,Scaleform
ScaleformBestPractices,Scaleform/Content/BestPractices
ScaleformBestPracticesCH,Scaleform/Content/BestPractices
ScaleformBestPracticesJP,Scaleform/Content/BestPractices
ScaleformBestPracticesKR,Scaleform/Content/BestPractices
ScaleformBuildingUDKUIs,Scaleform/BuildingUDKUIs
ScaleformBuildingUDKUIsCH,Scaleform/BuildingUDKUIs
ScaleformBuildingUDKUIsJP,Scaleform/BuildingUDKUIs
ScaleformBuildingUDKUIsKR,Scaleform/BuildingUDKUIs
ScaleformCH,Scaleform
ScaleformContentGuide,Scaleform/Content/UserGuide
ScaleformContentGuideCH,Scaleform/Content/UserGuide
ScaleformContentGuideJP,Scaleform/Content/UserGuide
ScaleformContentGuideKR,Scaleform/Content/UserGuide
ScaleformGettingStarted,Scaleform/GettingStarted
ScaleformGettingStartedCH,Scaleform/GettingStarted
ScaleformGettingStartedJP,Scaleform/GettingStarted
ScaleformGettingStartedKR,Scaleform/GettingStarted
ScaleformImport,Scaleform/ImportGuide
ScaleformImportCH,Scaleform/ImportGuide
ScaleformImportJP,Scaleform/ImportGuide
ScaleformImportKR,Scaleform/ImportGuide
ScaleformJP,Scaleform
ScaleformKR,Scaleform
ScaleformQuickStart,Scaleform/GettingStarted/QuickStart
ScaleformQuickStartCH,Scaleform/GettingStarted/QuickStart
ScaleformQuickStartJP,Scaleform/GettingStarted/QuickStart
ScaleformQuickStartKR,Scaleform/GettingStarted/QuickStart
ScaleformTechnicalGuide,Scaleform/Technical/UserGuide
ScaleformTechnicalGuideCH,Scaleform/Technical/UserGuide
ScaleformTechnicalGuideJP,Scaleform/Technical/UserGuide
ScaleformTechnicalGuideKR,Scaleform/Technical/UserGuide
ScaleformTerminology,Scaleform/GettingStarted/Terminology
ScaleformTerminologyCH,Scaleform/GettingStarted/Terminology
ScaleformTerminologyJP,Scaleform/GettingStarted/Terminology
ScaleformTerminologyKR,Scaleform/GettingStarted/Terminology
ScaleformWorkflow,Scaleform/GettingStarted/Workflow
ScaleformWorkflowCH,Scaleform/GettingStarted/Workflow
ScaleformWorkflowJP,Scaleform/GettingStarted/Workflow
ScaleformWorkflowKR,Scaleform/GettingStarted/Workflow
SCCIntegration,Editor/SourceControl
SCCIntegrationCH,Editor/SourceControl
SCCIntegrationJP,Editor/SourceControl
SCCIntegrationKR,Editor/SourceControl
SceneManagerReference,Editor/Browsers/SceneManager
SceneManagerReferenceCH,Editor/Browsers/SceneManager
SceneManagerReferenceJP,Editor/Browsers/SceneManager
SceneManagerReferenceKR,Editor/Browsers/SceneManager
Sentinel,ProfilingAndOptimization/General/Sentinel
SentinelCH,ProfilingAndOptimization/General/Sentinel
SentinelJP,ProfilingAndOptimization/General/Sentinel
SentinelKR,ProfilingAndOptimization/General/Sentinel
SetTextureLODGroupCommandlet,Commandlets/SetTextureLOCGroup
SetTextureLODGroupCommandletCH,Commandlets/SetTextureLOCGroup
SetTextureLODGroupCommandletJP,Commandlets/SetTextureLOCGroup
SetTextureLODGroupCommandletKR,Commandlets/SetTextureLOCGroup
SettingUpABuildMachine,BuildingAndReleases/SettingUpABuildMachine
SettingUpABuildMachineCH,BuildingAndReleases/SettingUpABuildMachine
SettingUpABuildMachineJP,BuildingAndReleases/SettingUpABuildMachine
SettingUpABuildMachineKR,BuildingAndReleases/SettingUpABuildMachine
SettingUpCustomProject,Engine/Programming/GameProject
SettingUpCustomProjectCH,Engine/Programming/GameProject
SettingUpCustomProjectJP,Engine/Programming/GameProject
SettingUpCustomProjectKR,Engine/Programming/GameProject
SettingUpP4V,Engine/Programming/Perforce/P4V
SettingUpP4VCH,Engine/Programming/Perforce/P4V
SettingUpP4VJP,Engine/Programming/Perforce/P4V
SettingUpP4VKR,Engine/Programming/Perforce/P4V
SettingUpP4Win,Engine/Programming/Perforce/P4Win
SettingUpP4WinCH,Engine/Programming/Perforce/P4Win
SettingUpP4WinJP,Engine/Programming/Perforce/P4Win
SettingUpP4WinKR,Engine/Programming/Perforce/P4Win
SettingUpPerforce,Engine/Programming/Perforce/Setup
SettingUpPerforceCH,Engine/Programming/Perforce/Setup
SettingUpPerforceJP,Engine/Programming/Perforce/Setup
SettingUpPerforceKR,Engine/Programming/Perforce/Setup
SettingUpScaleformGFx,Scaleform/GettingStarted/GFxSetup
SettingUpScaleformGFxCH,Scaleform/GettingStarted/GFxSetup
SettingUpScaleformGFxJP,Scaleform/GettingStarted/GFxSetup
SettingUpScaleformGFxKR,Scaleform/GettingStarted/GFxSetup
SettingUpSymbolServerAndSourceServer,Engine/Programming/SymbolAndSourceServer
SettingUpSymbolServerAndSourceServerCH,Engine/Programming/SymbolAndSourceServer
SettingUpSymbolServerAndSourceServerJP,Engine/Programming/SymbolAndSourceServer
SettingUpSymbolServerAndSourceServerKR,Engine/Programming/SymbolAndSourceServer
SettingUpUnrealEngine3,Engine/Programming/EngineSetup
SettingUpUnrealEngine3CH,Engine/Programming/EngineSetup
SettingUpUnrealEngine3JP,Engine/Programming/EngineSetup
SettingUpUnrealEngine3KR,Engine/Programming/EngineSetup
SettingUpVehicles,Gameplay/Vehicles/ContentGuide
SettingUpVehiclesCH,Gameplay/Vehicles/ContentGuide
SettingUpVehiclesJP,Gameplay/Vehicles/ContentGuide
SettingUpVehiclesKR,Gameplay/Vehicles/ContentGuide
SettingUpVisualStudio,Engine/Programming/VisualStudioSetup
SettingUpVisualStudioCH,Engine/Programming/VisualStudioSetup
SettingUpVisualStudioJP,Engine/Programming/VisualStudioSetup
SettingUpVisualStudioKR,Engine/Programming/VisualStudioSetup
SettingUpVPN,Engine/Programming/VPNSetup
SettingUpVPNCH,Engine/Programming/VPNSetup
SettingUpVPNJP,Engine/Programming/VPNSetup
SettingUpVPNKR,Engine/Programming/VPNSetup
SettingUpWeapons,Gameplay/Weapons/ContentGuide
SettingUpWeaponsCH,Gameplay/Weapons/ContentGuide
SettingUpWeaponsJP,Gameplay/Weapons/ContentGuide
SettingUpWeaponsKR,Gameplay/Weapons/ContentGuide
Shaderhome,MaterialsAndTextures/Materials/ShaderHome
ShaderhomeCH,MaterialsAndTextures/Materials/ShaderHome
ShaderhomeJP,MaterialsAndTextures/Materials/ShaderHome
ShaderhomeKR,MaterialsAndTextures/Materials/ShaderHome
ShaderVersioning,MaterialsAndTextures/Materials/ShaderVersioning
ShaderVersioningCH,MaterialsAndTextures/Materials/ShaderVersioning
ShaderVersioningJP,MaterialsAndTextures/Materials/ShaderVersioning
ShaderVersioningKR,MaterialsAndTextures/Materials/ShaderVersioning
ShippingChecklist,BusinessAndLegal/ShippingChecklist
ShippingChecklistCH,BusinessAndLegal/ShippingChecklist
ShippingChecklistJP,BusinessAndLegal/ShippingChecklist
ShippingChecklistKR,BusinessAndLegal/ShippingChecklist
ShippingWithPhysX,Physics/PhysX/Shipping
ShippingWithPhysXCH,Physics/PhysX/Shipping
ShippingWithPhysXJP,Physics/PhysX/Shipping
ShippingWithPhysXKR,Physics/PhysX/Shipping
ShowFlags,Editor/Viewports/Showflags
ShowFlagsCH,Editor/Viewports/Showflags
ShowFlagsJP,Editor/Viewports/Showflags
ShowFlagsKR,Editor/Viewports/Showflags
SinglePlayerPerformanceTestProcedure,QA/Testing/SinglePlayerTestProcedure
SinglePlayerPerformanceTestProcedureCH,QA/Testing/SinglePlayerTestProcedure
SinglePlayerPerformanceTestProcedureJP,QA/Testing/SinglePlayerTestProcedure
SinglePlayerPerformanceTestProcedureKR,QA/Testing/SinglePlayerTestProcedure
SkeletalMeshHome,SkeletalMeshes
SkeletalMeshHomeCH,SkeletalMeshes
SkeletalMeshHomeJP,SkeletalMeshes
SkeletalMeshHomeKR,SkeletalMeshes
SkeletalMeshSimplificationTool,SkeletalMeshes/SimplicationTool
SkeletalMeshSimplificationToolCH,SkeletalMeshes/SimplicationTool
SkeletalMeshSimplificationToolJP,SkeletalMeshes/SimplicationTool
SkeletalMeshSimplificationToolKR,SkeletalMeshes/SimplicationTool
SkeletalMeshSockets,SkeletalMeshes/Sockets
SkeletalMeshSocketsCH,SkeletalMeshes/Sockets
SkeletalMeshSocketsJP,SkeletalMeshes/Sockets
SkeletalMeshSocketsKR,SkeletalMeshes/Sockets
SoftMasked,MaterialsAndTextures/Materials/SoftMasked
SoftMaskedCH,MaterialsAndTextures/Materials/SoftMasked
SoftMaskedJP,MaterialsAndTextures/Materials/SoftMasked
SoftMaskedKR,MaterialsAndTextures/Materials/SoftMasked
SoundCueEditorUserGuide,Audio/SoundCueEditor
SoundCueEditorUserGuideCH,Audio/SoundCueEditor
SoundCueEditorUserGuideJP,Audio/SoundCueEditor
SoundCueEditorUserGuideKR,Audio/SoundCueEditor
StatDescriptions,ProfilingAndOptimization/General/StatDescriptions
StatDescriptionsCH,ProfilingAndOptimization/General/StatDescriptions
StatDescriptionsJP,ProfilingAndOptimization/General/StatDescriptions
StatDescriptionsKR,ProfilingAndOptimization/General/StatDescriptions
StaticMeshEditorUserGuide,StaticMeshes/StaticMeshEditor
StaticMeshEditorUserGuideCH,StaticMeshes/StaticMeshEditor
StaticMeshEditorUserGuideJP,StaticMeshes/StaticMeshEditor
StaticMeshEditorUserGuideKR,StaticMeshes/StaticMeshEditor
StaticMeshHome,StaticMeshes
StaticMeshHomeCH,StaticMeshes
StaticMeshHomeJP,StaticMeshes
StaticMeshHomeKR,StaticMeshes
StaticMeshMode,Editor/StaticMeshMode
StaticMeshModeCH,Editor/StaticMeshMode
StaticMeshModeJP,Editor/StaticMeshMode
StaticMeshModeKR,Editor/StaticMeshMode
StringsInNativeCode,Engine/Programming/Strings/Native
StringsInNativeCodeCH,Engine/Programming/Strings/Native
StringsInNativeCodeJP,Engine/Programming/Strings/Native
StringsInNativeCodeKR,Engine/Programming/Strings/Native
SubsystemOverviews,Engine/Programming/Subsystems
SubsystemOverviewsCH,Engine/Programming/Subsystems
SubsystemOverviewsJP,Engine/Programming/Subsystems
SubsystemOverviewsKR,Engine/Programming/Subsystems
SupportGettingStarted,Support/GettingStarted
SupportGettingStartedCH,Support/GettingStarted
SupportGettingStartedJP,Support/GettingStarted
SupportGettingStartedKR,Support/GettingStarted
SupportGuidelines,Support/Guidelines
SupportGuidelinesCH,Support/Guidelines
SupportGuidelinesJP,Support/Guidelines
SupportGuidelinesKR,Support/Guidelines
SupportHome,Support
SupportHomeCH,Support
SupportHomeJP,Support
SupportHomeKR,Support
SyncingWithPerforce,Engine/Programming/Perforce/Syncing
SyncingWithPerforceCH,Engine/Programming/Perforce/Syncing
SyncingWithPerforceJP,Engine/Programming/Perforce/Syncing
SyncingWithPerforceKR,Engine/Programming/Perforce/Syncing
SystemSettings,GettingStarted/Basics/SystemSettings
SystemSettingsCH,GettingStarted/Basics/SystemSettings
SystemSettingsJP,GettingStarted/Basics/SystemSettings
SystemSettingsKR,GettingStarted/Basics/SystemSettings
TakingBetterPhotosForTexture,MaterialsAndTextures/Textures/TakingBetterReferencePhotos
TakingBetterPhotosForTextureCH,MaterialsAndTextures/Textures/TakingBetterReferencePhotos
TakingBetterPhotosForTextureJP,MaterialsAndTextures/Textures/TakingBetterReferencePhotos
TakingBetterPhotosForTextureKR,MaterialsAndTextures/Textures/TakingBetterReferencePhotos
TakingScreenshots,GettingStarted/Basics/Screenshots
TakingScreenshotsCH,GettingStarted/Basics/Screenshots
TakingScreenshotsJP,GettingStarted/Basics/Screenshots
TakingScreenshotsKR,GettingStarted/Basics/Screenshots
TCPLink,InputAndOutput/TCPLink
TCPLinkCH,InputAndOutput/TCPLink
TCPLinkJP,InputAndOutput/TCPLink
TCPLinkKR,InputAndOutput/TCPLink
TechnicalArtistHome,Roles/TechnicalArtist
TechnicalArtistHomeCH,Roles/TechnicalArtist
TechnicalArtistHomeJP,Roles/TechnicalArtist
TechnicalArtistHomeKR,Roles/TechnicalArtist
TechnicalHome,Disciplines/Programming/
TechnicalHomeCH,Disciplines/Programming/
TechnicalHomeJP,Disciplines/Programming/
TechnicalHomeKR,Disciplines/Programming/
TechnicalWorkflow,Engine/Programming/Workflow
TechnicalWorkflowCH,Engine/Programming/Workflow
TechnicalWorkflowJP,Engine/Programming/Workflow
TechnicalWorkflowKR,Engine/Programming/Workflow
TestingProcessUE3,QA/Builds/TestingProcess
TestingProcessUE3CH,QA/Builds/TestingProcess
TestingProcessUE3JP,QA/Builds/TestingProcess
TestingProcessUE3KR,QA/Builds/TestingProcess
TextureArtistHome,Roles/TextureArtist
TextureArtistHomeCH,Roles/TextureArtist
TextureArtistHomeJP,Roles/TextureArtist
TextureArtistHomeKR,Roles/TextureArtist
TextureOptimizationTechniques,MaterialsAndTextures/Textures/OptimizationTechniques
TextureOptimizationTechniquesCH,MaterialsAndTextures/Textures/OptimizationTechniques
TextureOptimizationTechniquesJP,MaterialsAndTextures/Textures/OptimizationTechniques
TextureOptimizationTechniquesKR,MaterialsAndTextures/Textures/OptimizationTechniques
TexturePaintReference,Editor/MeshPaintMode/Texture
TexturePaintReferenceCH,Editor/MeshPaintMode/Texture
TexturePaintReferenceJP,Editor/MeshPaintMode/Texture
TexturePaintReferenceKR,Editor/MeshPaintMode/Texture
TextureProperties,MaterialsAndTextures/Textures/Properties
TexturePropertiesCH,MaterialsAndTextures/Textures/Properties
TexturePropertiesJP,MaterialsAndTextures/Textures/Properties
TexturePropertiesKR,MaterialsAndTextures/Textures/Properties
TextureStatsBrowserReference,Editor/Browsers/TextureStats
TextureStatsBrowserReferenceCH,Editor/Browsers/TextureStats
TextureStatsBrowserReferenceJP,Editor/Browsers/TextureStats
TextureStatsBrowserReferenceKR,Editor/Browsers/TextureStats
TextureStreaming,MaterialsAndTextures/Textures/Streaming
TextureStreamingCH,MaterialsAndTextures/Textures/Streaming
TextureStreamingJP,MaterialsAndTextures/Textures/Streaming
TextureStreamingKR,MaterialsAndTextures/Textures/Streaming
TextureSupportAndSettings,MaterialsAndTextures/Textures/SupportAndSettings
TextureSupportAndSettingsCH,MaterialsAndTextures/Textures/SupportAndSettings
TextureSupportAndSettingsJP,MaterialsAndTextures/Textures/SupportAndSettings
TextureSupportAndSettingsKR,MaterialsAndTextures/Textures/SupportAndSettings
ThirdPartySoftware,BusinessAndLegal/ThirdPartySoftware
ThirdPartySoftwareCH,BusinessAndLegal/ThirdPartySoftware
ThirdPartySoftwareJP,BusinessAndLegal/ThirdPartySoftware
ThirdPartySoftwareKR,BusinessAndLegal/ThirdPartySoftware
ThreadingOverview,Engine/Programming/Threading
ThreadingOverviewCH,Engine/Programming/Threading
ThreadingOverviewJP,Engine/Programming/Threading
ThreadingOverviewKR,Engine/Programming/Threading
ThumbnailRendering,Editor/Programming/ThumbnailRendering
ThumbnailRenderingCH,Editor/Programming/ThumbnailRendering
ThumbnailRenderingJP,Editor/Programming/ThumbnailRendering
ThumbnailRenderingKR,Editor/Programming/ThumbnailRendering
ToolsProgrammingHome,Editor/Programming
ToolsProgrammingHomeCH,Editor/Programming
ToolsProgrammingHomeJP,Editor/Programming
ToolsProgrammingHomeKR,Editor/Programming
TrademarksAndLogos,BusinessAndLegal/TrademarksAndLogos
TrademarksAndLogosCH,BusinessAndLegal/TrademarksAndLogos
TrademarksAndLogosJP,BusinessAndLegal/TrademarksAndLogos
TrademarksAndLogosKR,BusinessAndLegal/TrademarksAndLogos
TranslucentHairSorting,SkeletalMeshes/TranslucentSorting
TranslucentHairSortingCH,SkeletalMeshes/TranslucentSorting
TranslucentHairSortingJP,SkeletalMeshes/TranslucentSorting
TranslucentHairSortingKR,SkeletalMeshes/TranslucentSorting
UDKCommunityLinks,Support/CommunityLinks
UDKCommunityLinksCH,Support/CommunityLinks
UDKCommunityLinksJP,Support/CommunityLinks
UDKCommunityLinksKR,Support/CommunityLinks
UDKCustomCharacters,Gameplay/Players/UDKCustomCharacters
UDKCustomCharactersCH,Gameplay/Players/UDKCustomCharacters
UDKCustomCharactersJP,Gameplay/Players/UDKCustomCharacters
UDKCustomCharactersKR,Gameplay/Players/UDKCustomCharacters
UDKInfoPListAppleMac,Platforms/Mac/InfoPList
UDKInfoPListAppleMacCH,Platforms/Mac/InfoPList
UDKInfoPListAppleMacJP,Platforms/Mac/InfoPList
UDKInfoPListAppleMacKR,Platforms/Mac/InfoPList
UDKTrademarksAndLogos,BusinessAndLegal/UDKTrademarksAndLogos
UDKTrademarksAndLogosCH,BusinessAndLegal/UDKTrademarksAndLogos
UDKTrademarksAndLogosJP,BusinessAndLegal/UDKTrademarksAndLogos
UDKTrademarksAndLogosKR,BusinessAndLegal/UDKTrademarksAndLogos
UE3Basics,GettingStarted/Basics
UE3BasicsCH,GettingStarted/Basics
UE3BasicsJP,GettingStarted/Basics
UE3BasicsKR,GettingStarted/Basics
UE3MinSpecs,GettingStarted/Basics/MinimumSpecs
UE3MinSpecsCH,GettingStarted/Basics/MinimumSpecs
UE3MinSpecsJP,GettingStarted/Basics/MinimumSpecs
UE3MinSpecsKR,GettingStarted/Basics/MinimumSpecs
UE3Redist,InstallationAndDistribution/UE4Redist
UE3RedistCH,InstallationAndDistribution/UE4Redist
UE3RedistJP,InstallationAndDistribution/UE4Redist
UE3RedistKR,InstallationAndDistribution/UE4Redist
UIAndHUDHome,UIAndHUD
UIAndHUDHomeCH,UIAndHUD
UIAndHUDHomeJP,UIAndHUD
UIAndHUDHomeKR,UIAndHUD
UnitTesting,BuildingAndReleases/UnitTesting
UnitTestingCH,BuildingAndReleases/UnitTesting
UnitTestingJP,BuildingAndReleases/UnitTesting
UnitTestingKR,BuildingAndReleases/UnitTesting
UnrealBuildSystem,BuildingAndReleases/UnrealBuildSystem
UnrealBuildSystemCH,BuildingAndReleases/UnrealBuildSystem
UnrealBuildSystemJP,BuildingAndReleases/UnrealBuildSystem
UnrealBuildSystemKR,BuildingAndReleases/UnrealBuildSystem
UnrealConsole,Editor/Tools/UnrealConsole
UnrealConsoleCH,Editor/Tools/UnrealConsole
UnrealConsoleJP,Editor/Tools/UnrealConsole
UnrealConsoleKR,Editor/Tools/UnrealConsole
UnrealContainerStructures,Engine/Programming/ContainerStructures
UnrealContainerStructuresCH,Engine/Programming/ContainerStructures
UnrealContainerStructuresJP,Engine/Programming/ContainerStructures
UnrealContainerStructuresKR,Engine/Programming/ContainerStructures
UnrealDVDLayout,InstallationAndDistribution/UnrealDVDLayout
UnrealDVDLayoutCH,InstallationAndDistribution/UnrealDVDLayout
UnrealDVDLayoutJP,InstallationAndDistribution/UnrealDVDLayout
UnrealDVDLayoutKR,InstallationAndDistribution/UnrealDVDLayout
UnrealEdUserGuide,Editor/UserGuide
UnrealEdUserGuideCH,Editor/UserGuide
UnrealEdUserGuideJP,Editor/UserGuide
UnrealEdUserGuideKR,Editor/UserGuide
UnrealEngineContractors,BusinessAndLegal/UnrealEngineContractors
UnrealEngineContractorsCH,BusinessAndLegal/UnrealEngineContractors
UnrealEngineContractorsJP,BusinessAndLegal/UnrealEngineContractors
UnrealEngineContractorsKR,BusinessAndLegal/UnrealEngineContractors
UnrealFrontend,Editor/Tools/UnrealFrontEnd
UnrealFrontendCH,Editor/Tools/UnrealFrontEnd
UnrealFrontendJP,Editor/Tools/UnrealFrontEnd
UnrealFrontendKR,Editor/Tools/UnrealFrontEnd
UnrealLoc,Engine/Programming/Localization/UnrealLoc
UnrealLocCH,Engine/Programming/Localization/UnrealLoc
UnrealLocJP,Engine/Programming/Localization/UnrealLoc
UnrealLocKR,Engine/Programming/Localization/UnrealLoc
UnrealMacPackager,Platforms/Mac/Packager
UnrealMacPackagerCH,Platforms/Mac/Packager
UnrealMacPackagerJP,Platforms/Mac/Packager
UnrealMacPackagerKR,Platforms/Mac/Packager
UnrealProp,BuildingAndReleases/UnrealProp
UnrealPropCH,BuildingAndReleases/UnrealProp
UnrealPropJP,BuildingAndReleases/UnrealProp
UnrealPropKR,BuildingAndReleases/UnrealProp
UnrealQABuildSync,Engine/Programming/QABuildSync
UnrealQABuildSyncCH,Engine/Programming/QABuildSync
UnrealQABuildSyncJP,Engine/Programming/QABuildSync
UnrealQABuildSyncKR,Engine/Programming/QABuildSync
UnrealStrings,Engine/Programming/Strings
UnrealStringsCH,Engine/Programming/Strings
UnrealStringsJP,Engine/Programming/Strings
UnrealStringsKR,Engine/Programming/Strings
UnrealSync2,Engine/Programming/UnrealSync
UnrealSync2CH,Engine/Programming/UnrealSync
UnrealSync2JP,Engine/Programming/UnrealSync
UnrealSync2KR,Engine/Programming/UnrealSync
UnrealTechnologyRoadmap,BusinessAndLegal/TechnologyRoadmap
UnrealTechnologyRoadmapCH,BusinessAndLegal/TechnologyRoadmap
UnrealTechnologyRoadmapJP,BusinessAndLegal/TechnologyRoadmap
UnrealTechnologyRoadmapKR,BusinessAndLegal/TechnologyRoadmap
UnSetup,InstallationAndDistribution/UnSetup
UnSetupCH,InstallationAndDistribution/UnSetup
UnSetupJP,InstallationAndDistribution/UnSetup
UnSetupKR,InstallationAndDistribution/UnSetup
UsingAmbientZones,Audio/AmbientZones
UsingAmbientZonesCH,Audio/AmbientZones
UsingAmbientZonesJP,Audio/AmbientZones
UsingAmbientZonesKR,Audio/AmbientZones
UsingArchetypes,Gameplay/Archetypes/UserGuide
UsingArchetypesCH,Gameplay/Archetypes/UserGuide
UsingArchetypesJP,Gameplay/Archetypes/UserGuide
UsingArchetypesKR,Gameplay/Archetypes/UserGuide
UsingDecals,ParticlesAndEffects/Decals/UserGuide
UsingDecalsCH,ParticlesAndEffects/Decals/UserGuide
UsingDecalsJP,ParticlesAndEffects/Decals/UserGuide
UsingDecalsKR,ParticlesAndEffects/Decals/UserGuide
UsingInstanceParameters,ParticlesAndEffects/ParticleSystems/UsingInstanceParameters
UsingInstanceParametersCH,ParticlesAndEffects/ParticleSystems/UsingInstanceParameters
UsingInstanceParametersJP,ParticlesAndEffects/ParticleSystems/UsingInstanceParameters
UsingInstanceParametersKR,ParticlesAndEffects/ParticleSystems/UsingInstanceParameters
UsingInterpActors,MatineeAndCinematics/Matinee/InterpActors
UsingInterpActorsCH,MatineeAndCinematics/Matinee/InterpActors
UsingInterpActorsJP,MatineeAndCinematics/Matinee/InterpActors
UsingInterpActorsKR,MatineeAndCinematics/Matinee/InterpActors
UsingKActors,Physics/Kactors
UsingKActorsCH,Physics/Kactors
UsingKActorsJP,Physics/Kactors
UsingKActorsKR,Physics/Kactors
UsingLevelStreaming,LevelStreaming/UserGuide
UsingLevelStreamingCH,LevelStreaming/UserGuide
UsingLevelStreamingJP,LevelStreaming/UserGuide
UsingLevelStreamingKR,LevelStreaming/UserGuide
UsingNavigationMeshes,AIAndNavigation/NavMesh/UserGuide
UsingNavigationMeshesCH,AIAndNavigation/NavMesh/UserGuide
UsingNavigationMeshesJP,AIAndNavigation/NavMesh/UserGuide
UsingNavigationMeshesKR,AIAndNavigation/NavMesh/UserGuide
UsingPerforce,Engine/Programming/Perforce
UsingPerforceCH,Engine/Programming/Perforce
UsingPerforceJP,Engine/Programming/Perforce
UsingPerforceKR,Engine/Programming/Perforce
UsingPrefabs,Editor/LevelEditing/Prefabs
UsingPrefabsCH,Editor/LevelEditing/Prefabs
UsingPrefabsJP,Editor/LevelEditing/Prefabs
UsingPrefabsKR,Editor/LevelEditing/Prefabs
UsingSkeletalControllers,Animation/SkeletalControllers
UsingSkeletalControllersCH,Animation/SkeletalControllers
UsingSkeletalControllersJP,Animation/SkeletalControllers
UsingSkeletalControllersKR,Animation/SkeletalControllers
UsingSoundActors,Audio/SoundActors
UsingSoundActorsCH,Audio/SoundActors
UsingSoundActorsJP,Audio/SoundActors
UsingSoundActorsKR,Audio/SoundActors
UsingSplineActors,Editor/LevelEditing/SplineActors
UsingSplineActorsCH,Editor/LevelEditing/SplineActors
UsingSplineActorsJP,Editor/LevelEditing/SplineActors
UsingSplineActorsKR,Editor/LevelEditing/SplineActors
UsingSplineLoftActors,Editor/LevelEditing/SplineLoftActors
UsingSplineLoftActorsCH,Editor/LevelEditing/SplineLoftActors
UsingSplineLoftActorsJP,Editor/LevelEditing/SplineLoftActors
UsingSplineLoftActorsKR,Editor/LevelEditing/SplineLoftActors
UsingStaticMeshActors,StaticMeshes/UserGuide
UsingStaticMeshActorsCH,StaticMeshes/UserGuide
UsingStaticMeshActorsJP,StaticMeshes/UserGuide
UsingStaticMeshActorsKR,StaticMeshes/UserGuide
UsingWaypoints,AIAndNavigation/Waypoints/UserGuide
UsingWaypointsCH,AIAndNavigation/Waypoints/UserGuide
UsingWaypointsJP,AIAndNavigation/Waypoints/UserGuide
UsingWaypointsKR,AIAndNavigation/Waypoints/UserGuide
VehiclesTechnicalGuide,Gameplay/Vehicles/TechnicalGuide
VehiclesTechnicalGuideCH,Gameplay/Vehicles/TechnicalGuide
VehiclesTechnicalGuideJP,Gameplay/Vehicles/TechnicalGuide
VehiclesTechnicalGuideKR,Gameplay/Vehicles/TechnicalGuide
VFXOptimization,ParticlesAndEffects/ParticleSystems/Optimization
VFXOptimizationBalance,ParticlesAndEffects/ParticleSystems/Optimization/Balance
VFXOptimizationBalanceCH,ParticlesAndEffects/ParticleSystems/Optimization/Balance
VFXOptimizationBalanceJP,ParticlesAndEffects/ParticleSystems/Optimization/Balance
VFXOptimizationBalanceKR,ParticlesAndEffects/ParticleSystems/Optimization/Balance
VFXOptimizationCH,ParticlesAndEffects/ParticleSystems/Optimization
VFXOptimizationConcepts,ParticlesAndEffects/ParticleSystems/Optimization/Concepts
VFXOptimizationConceptsCH,ParticlesAndEffects/ParticleSystems/Optimization/Concepts
VFXOptimizationConceptsJP,ParticlesAndEffects/ParticleSystems/Optimization/Concepts
VFXOptimizationConceptsKR,ParticlesAndEffects/ParticleSystems/Optimization/Concepts
VFXOptimizationJP,ParticlesAndEffects/ParticleSystems/Optimization
VFXOptimizationKR,ParticlesAndEffects/ParticleSystems/Optimization
VFXOptimizationResults,ParticlesAndEffects/ParticleSystems/Optimization/Results
VFXOptimizationResultsCH,ParticlesAndEffects/ParticleSystems/Optimization/Results
VFXOptimizationResultsJP,ParticlesAndEffects/ParticleSystems/Optimization/Results
VFXOptimizationResultsKR,ParticlesAndEffects/ParticleSystems/Optimization/Results
VFXOptimizationSplitScreen,ParticlesAndEffects/ParticleSystems/Optimization/SplitScreen
VFXOptimizationSplitScreenCH,ParticlesAndEffects/ParticleSystems/Optimization/SplitScreen
VFXOptimizationSplitScreenJP,ParticlesAndEffects/ParticleSystems/Optimization/SplitScreen
VFXOptimizationSplitScreenKR,ParticlesAndEffects/ParticleSystems/Optimization/SplitScreen
VideoTutorials,VideoTutorials
VideoTutorialsCH,VideoTutorials
VideoTutorialsJP,VideoTutorials
VideoTutorialsKR,VideoTutorials
ViewModes,Editor/Viewports/ViewModes
ViewModesCH,Editor/Viewports/ViewModes
ViewModesJP,Editor/Viewports/ViewModes
ViewModesKR,Editor/Viewports/ViewModes
ViewportToolbar,Editor/Viewports/Toolbar
ViewportToolbarCH,Editor/Viewports/Toolbar
ViewportToolbarJP,Editor/Viewports/Toolbar
ViewportToolbarKR,Editor/Viewports/Toolbar
VisualAssistX,Engine/Programming/VisualAssistX
VisualAssistXCH,Engine/Programming/VisualAssistX
VisualAssistXJP,Engine/Programming/VisualAssistX
VisualAssistXKR,Engine/Programming/VisualAssistX
VTune,Engine/Programming/Vtune
VTuneCH,Engine/Programming/Vtune
VTuneJP,Engine/Programming/Vtune
VTuneKR,Engine/Programming/Vtune
WaypointsTechnicalGuide,AIAndNavigation/Waypoints/TechnicalGuide
WaypointsTechnicalGuideCH,AIAndNavigation/Waypoints/TechnicalGuide
WaypointsTechnicalGuideJP,AIAndNavigation/Waypoints/TechnicalGuide
WaypointsTechnicalGuideKR,AIAndNavigation/Waypoints/TechnicalGuide
WeaponsTechnicalGuide,Gameplay/Weapons/TechnicalGuide
WeaponsTechnicalGuideCH,Gameplay/Weapons/TechnicalGuide
WeaponsTechnicalGuideJP,Gameplay/Weapons/TechnicalGuide
WeaponsTechnicalGuideKR,Gameplay/Weapons/TechnicalGuide
WebHome,%ROOT%
WebHomeCH,%ROOT%
WebHomeJP,%ROOT%
WebHomeKR,%ROOT%
WebServer,InputAndOutput/WebServer
WebServerCH,InputAndOutput/WebServer
WebServerJP,InputAndOutput/WebServer
WebServerKR,InputAndOutput/WebServer
WorldPositionOffset,MaterialsAndTextures/Materials/WorldPositionOffset
WorldPositionOffsetCH,MaterialsAndTextures/Materials/WorldPositionOffset
WorldPositionOffsetJP,MaterialsAndTextures/Materials/WorldPositionOffset
WorldPositionOffsetKR,MaterialsAndTextures/Materials/WorldPositionOffset
WritingCustomImporters,Editor/Programming/CustomImporters
WritingCustomImportersCH,Editor/Programming/CustomImporters
WritingCustomImportersJP,Editor/Programming/CustomImporters
WritingCustomImportersKR,Editor/Programming/CustomImporters
WxWidgets,Editor/Programming/WxWidgets
WxWidgetsCH,Editor/Programming/WxWidgets
WxWidgetsJP,Editor/Programming/WxWidgets
WxWidgetsKR,Editor/Programming/WxWidgets
